-- phpMyAdmin SQL Dump
-- version 4.0.10deb1
-- http://www.phpmyadmin.net
--
-- Host: localhost
-- Generation Time: Dec 30, 2015 at 12:12 PM
-- Server version: 5.5.46-0ubuntu0.14.04.2
-- PHP Version: 5.5.9-1ubuntu4.14

SET SQL_MODE = "NO_AUTO_VALUE_ON_ZERO";
SET time_zone = "+00:00";


/*!40101 SET @OLD_CHARACTER_SET_CLIENT=@@CHARACTER_SET_CLIENT */;
/*!40101 SET @OLD_CHARACTER_SET_RESULTS=@@CHARACTER_SET_RESULTS */;
/*!40101 SET @OLD_COLLATION_CONNECTION=@@COLLATION_CONNECTION */;
/*!40101 SET NAMES utf8 */;

--
-- Database: `ccms`
--

--
-- Dumping data for table `article`
--

INSERT INTO `article` (`id`, `title`, `slug`, `type`, `desc`, `featured_image`, `featured_image_2`, `thumbnail`, `thumbnail_2`, `meta_title`, `meta_keyword`, `meta_desc`, `status`, `created_by`, `updated_by`, `created_at`, `updated_at`) VALUES
(1, 'Home', 'home', 'home-page', '<div class="container">\r\n    <div class="c-p-family">\r\n        <h1>“Every Pixels Matters”</h1>\r\n        <p><strong>bZm Graphics</strong> is the best place, if you need bulk image editing service with great quality, fast turnaround time and cheaper price. bZm Graphics provides Solutions for your Photo Editing & Graphics Design Needs with picture perfect quality.</p>\r\n    </div>\r\n\r\n    <div class="row">\r\n        <div class="span12 c-p-feature">\r\n            <div class="row">\r\n                <div class="span4 item-style feature-item-1">\r\n                    <h2>Image Editing</h2>\r\n                    <p>At bZm Graphics, team of highly professionals and experienced will use their hand and creativity for your Clipping Path, Retouching, Color correction, Background remove, etc. projects to provide you the satisfied result every time.</p>\r\n                </div>\r\n\r\n                <div class="span4 item-style feature-item-3">\r\n                    <h2>Graphics Design</h2>\r\n                    <p>bZm Graphics is well capable with highly creative and professional designers to take care of graphics design projects like, Logo design, Poster, Brochure, Flyer, Catalog design, Business card design, etc.</p>\r\n                </div>\r\n\r\n                <div class="span4 item-style feature-item-4">\r\n                    <h2>Desktop publishing</h2>\r\n                    <p>bZm Graphics is well capable with highly creative and professional designers to take care of graphics design projects like, Logo design, Poster, Brochure, Flyer, Catalog design, Business card design, etc.</p>\r\n                </div>\r\n            </div>\r\n        </div>\r\n    </div>\r\n</div>\r\n\r\n\r\n<div class="post-wrapper">\r\n    <div class="owl-carousel post-slider style6" data-items="4" data-itemsperdisplaywidth="[[0, 1], [480, 1], [768, 2], [992, 3], [1200, 4]]">\r\n        <article class="post">\r\n            <figure><img alt="" src="etsb/web_assets/images/21.jpg"></figure>\r\n            <div class="portfolio-hover-holder">\r\n                <div class="portfolio-text">\r\n                    <div class="portfolio-text-inner">\r\n                        <h5 class="portfolio-title">Fullwidth Slideshow</h5> - <span class="portfolio-category">Fashion</span>\r\n                    </div>\r\n                </div>\r\n                                <span class="portfolio-action">\r\n                                    <a href="etsb/web_assets/images/21.jpg" class="soap-mfp-popup"><i class="fa fa-eye has-circle"></i></a>\r\n                                    <a href="#"><i class="fa fa-chain has-circle"></i></a>\r\n                                </span>\r\n            </div>\r\n        </article>\r\n        <article class="post">\r\n            <figure><img alt="" src="etsb/web_assets/images/22.jpg"></figure>\r\n            <div class="portfolio-hover-holder">\r\n                <div class="portfolio-text">\r\n                    <div class="portfolio-text-inner">\r\n                        <h5 class="portfolio-title">Fullwidth Slideshow</h5> - <span class="portfolio-category">Fashion</span>\r\n                    </div>\r\n                </div>\r\n                                <span class="portfolio-action">\r\n                                    <a href="etsb/web_assets/images/22.jpg" class="soap-mfp-popup"><i class="fa fa-eye has-circle"></i></a>\r\n                                    <a href="#"><i class="fa fa-chain has-circle"></i></a>\r\n                                </span>\r\n            </div>\r\n        </article>\r\n        <article class="post">\r\n            <figure><img alt="" src="etsb/web_assets/images/25.jpg"></figure>\r\n            <div class="portfolio-hover-holder">\r\n                <div class="portfolio-text">\r\n                    <div class="portfolio-text-inner">\r\n                        <h5 class="portfolio-title">Fullwidth Slideshow</h5> - <span class="portfolio-category">Fashion</span>\r\n                    </div>\r\n                </div>\r\n                                <span class="portfolio-action">\r\n                                    <a href="etsb/web_assets/images/25.jpg" class="soap-mfp-popup"><i class="fa fa-eye has-circle"></i></a>\r\n                                    <a href="#"><i class="fa fa-chain has-circle"></i></a>\r\n                                </span>\r\n            </div>\r\n        </article>\r\n        <article class="post">\r\n            <figure><img alt="" src="etsb/web_assets/images/20.jpg"></figure>\r\n            <div class="portfolio-hover-holder">\r\n                <div class="portfolio-text">\r\n                    <div class="portfolio-text-inner">\r\n                        <h5 class="portfolio-title">Fullwidth Slideshow</h5> - <span class="portfolio-category">Fashion</span>\r\n                    </div>\r\n                </div>\r\n                                <span class="portfolio-action">\r\n                                    <a href="etsb/web_assets/images/20.jpg" class="soap-mfp-popup"><i class="fa fa-eye has-circle"></i></a>\r\n                                    <a href="#"><i class="fa fa-chain has-circle"></i></a>\r\n                                </span>\r\n            </div>\r\n        </article>\r\n        <article class="post">\r\n            <figure><img alt="" src="etsb/web_assets/images/24.jpg"></figure>\r\n            <div class="portfolio-hover-holder">\r\n                <div class="portfolio-text">\r\n                    <div class="portfolio-text-inner">\r\n                        <h5 class="portfolio-title">Fullwidth Slideshow</h5> - <span class="portfolio-category">Fashion</span>\r\n                    </div>\r\n                </div>\r\n                                <span class="portfolio-action">\r\n                                    <a href="etsb/web_assets/images/24.jpg" class="soap-mfp-popup"><i class="fa fa-eye has-circle"></i></a>\r\n                                    <a href="#"><i class="fa fa-chain has-circle"></i></a>\r\n                                </span>\r\n            </div>\r\n        </article>\r\n        <article class="post">\r\n            <figure><img alt="" src="etsb/web_assets/images/22.jpg"></figure>\r\n            <div class="portfolio-hover-holder">\r\n                <div class="portfolio-text">\r\n                    <div class="portfolio-text-inner">\r\n                        <h5 class="portfolio-title">Fullwidth Slideshow</h5> - <span class="portfolio-category">Fashion</span>\r\n                    </div>\r\n                </div>\r\n                                <span class="portfolio-action">\r\n                                    <a href="etsb/web_assets/images/21.jpg" class="soap-mfp-popup"><i class="fa fa-eye has-circle"></i></a>\r\n                                    <a href="#"><i class="fa fa-chain has-circle"></i></a>\r\n                                </span>\r\n            </div>\r\n        </article>\r\n    </div>\r\n    <div class="title-section">\r\n        <div class="title-section-wrapper">\r\n            <div class="container">\r\n                <p>Amazing Work Showcase</p>\r\n            </div>\r\n        </div>\r\n    </div>\r\n</div>\r\n\r\n\r\n<div class="prome-area">\r\n    <div class="container">\r\n        <div class="row">\r\n            <div class="span3 some-feature feature-1">\r\n                <div class="promo-area-bg"></div>\r\n                <p>Faster Turnaround time <br>12-24 hours</p>\r\n            </div>\r\n\r\n            <div class="span3 some-feature feature-2">\r\n                <div class="promo-area-bg"></div>\r\n                <p>Starts from <br>$ 0.29 per image</p>\r\n            </div>\r\n\r\n            <div class="span3 some-feature feature-3">\r\n                <div class="promo-area-bg"></div>\r\n                <p>Enjoy<br>Unlimited redo</p>\r\n            </div>\r\n\r\n            <div class="span3 some-feature feature-4">\r\n                <div class="promo-area-bg"></div>\r\n                <p>24/7<br>Non Stop service</p>\r\n            </div>\r\n        </div>\r\n    </div>\r\n</div>\r\n\r\n<div class="section">\r\n    <div class="container">\r\n        <div class="heading-box">\r\n            <h2 class="box-title">Latest News From Our Blog</h2>\r\n            <p class="desc-lg">What all the fuzz is about?</p>\r\n        </div>\r\n        <div class="row blog-posts">\r\n            <div class="col-sm-4">\r\n                <article class="post post-masonry">\r\n                    <div class="post-image">\r\n                        <div class="image">\r\n                            <img src="etsb/web_assets/images/21(1).jpg" alt="">\r\n                            <div class="image-extras">\r\n                                <a href="index.html#" class="post-gallery"></a>\r\n                            </div>\r\n                        </div>\r\n                    </div>\r\n                    <div class="post-content">\r\n                        <div class="post-author">\r\n                            <a href="index.html#"><img src="etsb/web_assets/images/medium1.jpg" alt=""></a>\r\n                        </div>\r\n                        <div class="post-meta">\r\n                            <span class="entry-author fn">By <a href="index.html#">Admin</a></span>\r\n                            <span class="entry-time"><span class="published">12 Nov, 2014</span></span>\r\n                            <span class="post-category">in <a href="index.html#">Web Design</a></span>\r\n                        </div>\r\n                        <h3 class="entry-title"><a href="index.html#">Sed faucibus tristique placerat</a></h3>\r\n                        <p>Aliquam hendrerit a augue insuscipit. Pellentesque id erat quis sapienissim sollicitudin. Nulla mattis rsitmet dolor sollicitudin aliquam.</p>\r\n                    </div>\r\n                    <div class="post-action">\r\n                        <a href="index.html#" class="btn btn-sm style3 post-comment"><i class="fa fa-comment"></i>25</a>\r\n                        <a href="index.html#" class="btn btn-sm style3 post-like"><i class="fa fa-heart"></i>480</a>\r\n                        <a href="index.html#" class="btn btn-sm style3 post-share"><i class="fa fa-share"></i>Share</a>\r\n                        <a href="index.html#" class="btn btn-sm style3 post-read-more">More</a>\r\n                    </div>\r\n                </article>\r\n            </div>\r\n            <div class="col-sm-4">\r\n                <article class="post post-masonry">\r\n                    <div class="post-image">\r\n                        <div class="image">\r\n                            <img src="etsb/web_assets/images/22(1).jpg" alt="">\r\n                            <div class="image-extras">\r\n                                <a href="index.html#" class="post-gallery"></a>\r\n                            </div>\r\n                        </div>\r\n                    </div>\r\n                    <div class="post-content">\r\n                        <div class="post-author">\r\n                            <a href="index.html#"><img src="etsb/web_assets/images/medium2.jpg" alt=""></a>\r\n                        </div>\r\n                        <div class="post-meta">\r\n                            <span class="entry-author fn">By <a href="index.html#">Admin</a></span>\r\n                            <span class="entry-time"><span class="published">12 Nov, 2014</span></span>\r\n                            <span class="post-category">in <a href="index.html#">Web Design</a></span>\r\n                        </div>\r\n                        <h3 class="entry-title"><a href="index.html#">Enean tempor tincidunt odio</a></h3>\r\n                        <p>Aliquam hendrerit a augue insuscipit. Pellentesque id erat quis sapienissim sollicitudin. Nulla mattis rsitmet dolor sollicitudin aliquam.</p>\r\n                    </div>\r\n                    <div class="post-action">\r\n                        <a href="index.html#" class="btn btn-sm style3 post-comment"><i class="fa fa-comment"></i>25</a>\r\n                        <a href="index.html#" class="btn btn-sm style3 post-like"><i class="fa fa-heart"></i>480</a>\r\n                        <a href="index.html#" class="btn btn-sm style3 post-share"><i class="fa fa-share"></i>Share</a>\r\n                        <a href="index.html#" class="btn btn-sm style3 post-read-more">More</a>\r\n                    </div>\r\n                </article>\r\n            </div>\r\n            <div class="col-sm-4">\r\n                <article class="post post-masonry">\r\n                    <div class="post-slider style3 owl-carousel">\r\n                        <img src="etsb/web_assets/images/25(1).jpg" alt="">\r\n                        <img src="etsb/web_assets/images/5.jpg" alt="">\r\n                        <img src="etsb/web_assets/images/7.jpg" alt="">\r\n                    </div>\r\n                    <div class="post-content">\r\n                        <div class="post-author">\r\n                            <a href="index.html#"><img alt="" src="etsb/web_assets/images/medium2.jpg"></a>\r\n                        </div>\r\n                        <div class="post-meta">\r\n                            <span class="entry-author fn">By <a href="index.html#">Admin</a></span>\r\n                            <span class="entry-time"><span class="published">12 Nov, 2014</span></span>\r\n                            <span class="post-category">in <a href="index.html#">Web Design</a></span>\r\n                        </div>\r\n                        <h3 class="entry-title"><a href="index.html#">Dolor tempor diamos</a></h3>\r\n                        <p>Aliquam hendrerit a augue insuscipit. Pellentesque id erat quis sapienissim sollicitudin. Nulla mattis rsitmet dolor sollicitudin aliquam.</p>\r\n                    </div>\r\n                    <div class="post-action">\r\n                        <a class="btn btn-sm style3 post-comment" href="index.html#"><i class="fa fa-comment"></i>25</a>\r\n                        <a class="btn btn-sm style3 post-like" href="index.html#"><i class="fa fa-heart"></i>480</a>\r\n                        <a class="btn btn-sm style3 post-share" href="index.html#"><i class="fa fa-share"></i>Share</a>\r\n                        <a class="btn btn-sm style3 post-read-more" href="index.html#">More</a>\r\n                    </div>\r\n                </article>\r\n            </div>\r\n        </div>\r\n    </div>\r\n</div>', NULL, NULL, NULL, NULL, 'Home Page', 'Home page key', 'Home Page Des', 'active', 0, 0, '2015-12-23 12:11:05', '2015-12-26 11:21:29'),
(2, 'About US', 'about-us', 'about-us', ' <section id="content_aboutus">\r\n\r\n        <div class="image-banner banner-image1">\r\n            <div class="banner-color1">\r\n                <div class="section container">\r\n                    <div class="row">\r\n                        <div class="col-sm-6">\r\n                            <div class="image-container fixed">\r\n                                <img src="etsb/web_assets/images/mac.png" alt="">\r\n                            </div>\r\n                        </div>\r\n                        <div class="col-sm-6">\r\n                            <h1 class="box-title">Miracle is Premium Wordpress Theme</h1>\r\n                            <p>Lorem ipsum dolor sit amet, consectetur adipiscing elit. Fusce lectus elit, tincidunt nec turpis sed, accumsan iaculis ipsum. Nulla at augue auctor, tristique erat in, ultricies nunc. Mauris eget metus leo. Ut in mi lacinia, mattis nisl non, ultrices risus. Vestibulum aliquet aliquam ipsum ut ullamcorper. Pellentesque fringilla, massa vel rutrum consequatla velit fermentum dolor sed scelerisquesed ex assum omnium contentiones. Nobis suavitate moderatius has ullamcorper suscipit lobortis nisl ut aliquip ex ea commodo.</p>\r\n                            <br>\r\n                            <a href="#" class="btn style4 bg-white">Know More</a>\r\n                            <a href="#" class="btn style4 bg-white">Purchase</a>\r\n                        </div>\r\n                    </div>\r\n                </div>\r\n            </div>\r\n        </div>\r\n\r\n        <div class="section">\r\n            <div class="container">\r\n                <div class="row add-clearfix">\r\n                    <div class="col-sms-6 col-sm-6 col-md-4">\r\n                        <div class="icon-box style-side-1 box">\r\n                            <i class="fa fa-eye"></i>\r\n                            <div class="box-content">\r\n                                <h4 class="box-title"><a href="#">Retina Ready</a></h4>\r\n                                <p>Class aptent taciti sociosqu ad litora torqent conubia nostra, per inceptos himenaeos.</p>\r\n                            </div>\r\n                        </div>\r\n                    </div>\r\n                    <div class="col-sms-6 col-sm-6 col-md-4">\r\n                        <div class="icon-box style-side-1 box">\r\n                            <i class="fa fa-laptop"></i>\r\n                            <div class="box-content">\r\n                                <h4 class="box-title"><a href="#">Multi-Purpose</a></h4>\r\n                                <p>Class aptent taciti sociosqu ad litora torqent conubia nostra, per inceptos himenaeos.</p>\r\n                            </div>\r\n                        </div>\r\n                    </div>\r\n                    <div class="col-sms-6 col-sm-6 col-md-4">\r\n                        <div class="icon-box style-side-1 box">\r\n                            <i class="fa fa-shopping-cart"></i>\r\n                            <div class="box-content">\r\n                                <h4 class="box-title"><a href="#">WooCommerce Ready</a></h4>\r\n                                <p>Class aptent taciti sociosqu ad litora torqent conubia nostra, per inceptos himenaeos.</p>\r\n                            </div>\r\n                        </div>\r\n                    </div>\r\n                </div>\r\n                <div class="row add-clearfix">\r\n                    <div class="col-sms-6 col-sm-6 col-md-4">\r\n                        <div class="icon-box style-side-1 box">\r\n                            <i class="fa fa-umbrella"></i>\r\n                            <div class="box-content">\r\n                                <h4 class="box-title"><a href="#">Awesome Support</a></h4>\r\n                                <p>Class aptent taciti sociosqu ad litora torqent conubia nostra, per inceptos himenaeos.</p>\r\n                            </div>\r\n                        </div>\r\n                    </div>\r\n                    <div class="col-sms-6 col-sm-6 col-md-4">\r\n                        <div class="icon-box style-side-1 box">\r\n                            <i class="fa fa-thumbs-o-up"></i>\r\n                            <div class="box-content">\r\n                                <h4 class="box-title"><a href="#">Modern Design</a></h4>\r\n                                <p>Class aptent taciti sociosqu ad litora torqent conubia nostra, per inceptos himenaeos.</p>\r\n                            </div>\r\n                        </div>\r\n                    </div>\r\n                    <div class="col-sms-6 col-sm-6 col-md-4">\r\n                        <div class="icon-box style-side-1 box">\r\n                            <i class="fa fa-star"></i>\r\n                            <div class="box-content">\r\n                                <h4 class="box-title"><a href="#">Weekly Updates</a></h4>\r\n                                <p>Class aptent taciti sociosqu ad litora torqent conubia nostra, per inceptos himenaeos.</p>\r\n                            </div>\r\n                        </div>\r\n                    </div>\r\n                </div>\r\n            </div>\r\n        </div>\r\n\r\n        <div class="callout-box style1 parallax parallax-image6" data-stellar-background-ratio="0.5">\r\n            <div class="callout-box-wrapper bg-blue">\r\n                <div class="container">\r\n                    <div class="row same-height">\r\n                        <div class="col-md-8 callout-content-container" style="height: 585px;">\r\n                            <div class="callout-content section">\r\n                                <div class="st-table box-xl">\r\n                                    <div class="callout-text">\r\n                                        <h3>Amateurs wait for inspiration creatives get up & go to work!</h3>\r\n                                    </div>\r\n                                    <div class="callout-action">\r\n                                        <a class="btn style4" href="#">know more</a>\r\n                                        <a class="btn style4" href="#">purchase</a>\r\n                                    </div>\r\n                                </div>\r\n                                <div class="row box-xl">\r\n                                    <div class="col-sms-6 col-sm-3">\r\n                                        <div class="circle-wrap box">\r\n                                            <div class="circle-progress font-light circliful" data-bgcolor="#1b2f48" data-fgcolor="#ffffff" data-percent="90" data-text="90" data-dimension="110" data-bordersize="4" data-fontsize="30" style="width: 110px;"><span class="circle-text" style="line-height: 110px; font-size: 30px;">90</span><canvas width="110" height="110"></canvas></div>\r\n                                            <div class="fontsize-lg">Projects Completed</div>\r\n                                        </div>\r\n                                    </div>\r\n                                    <div class="col-sms-6 col-sm-3">\r\n                                        <div class="circle-wrap box">\r\n                                            <div class="circle-progress font-light circliful" data-bgcolor="#1b2f48" data-fgcolor="#ffffff" data-percent="50" data-text="50" data-dimension="110" data-bordersize="4" data-fontsize="30" style="width: 110px;"><span class="circle-text" style="line-height: 110px; font-size: 30px;">50</span><canvas width="110" height="110"></canvas></div>\r\n                                            <div class="fontsize-lg">Work in Progress</div>\r\n                                        </div>\r\n                                    </div>\r\n                                    <div class="col-sms-6 col-sm-3">\r\n                                        <div class="circle-wrap box">\r\n                                            <div class="circle-progress font-light circliful" data-bgcolor="#1b2f48" data-fgcolor="#ffffff" data-percent="75" data-text="75" data-dimension="110" data-bordersize="4" data-fontsize="30" style="width: 110px;"><span class="circle-text" style="line-height: 110px; font-size: 30px;">75</span><canvas width="110" height="110"></canvas></div>\r\n                                            <div class="fontsize-lg">Happy Customers</div>\r\n                                        </div>\r\n                                    </div>\r\n                                    <div class="col-sms-6 col-sm-3">\r\n                                        <div class="circle-wrap box">\r\n                                            <div class="circle-progress font-light circliful" data-bgcolor="#1b2f48" data-fgcolor="#ffffff" data-percent="65" data-text="65" data-dimension="110" data-bordersize="4" data-fontsize="30" style="width: 110px;"><span class="circle-text" style="line-height: 110px; font-size: 30px;">65</span><canvas width="110" height="110"></canvas></div>\r\n                                            <div class="fontsize-lg">Repeat Customers</div>\r\n                                        </div>\r\n                                    </div>\r\n                                </div>\r\n                                <div class="box-sm">\r\n                                    <div class="desc-lg">\r\n                                        Providing best facilities & workplace perks to our employees.\r\n                                    </div>\r\n                                    <div class="desc-sm">* All pages of miracle are handcrafted and pixel perfect.</div>\r\n                                </div>\r\n                            </div>\r\n                        </div>\r\n                        <div class="col-md-4" style="height: 585px;">\r\n                            <div class="callout-image-container">\r\n                                <div class="callout-image">\r\n                                    <img src="etsb/web_assets/images/man.png" alt="">\r\n                                </div>\r\n                            </div>\r\n                        </div>\r\n                    </div>\r\n                </div>\r\n            </div>\r\n        </div>\r\n', NULL, NULL, NULL, NULL, 'About', 'About', 'About', 'active', 0, 0, '2015-12-23 12:12:56', '2015-12-29 12:18:09'),
(5, 'How it works', 'how-it-works', 'how-it-works', ' <div class="main-body">\r\n        <div class="we-are-area">\r\n\r\n            <div class="container">\r\n\r\n                <div class="row">\r\n\r\n                    <div class="span12">\r\n\r\n                        <div class="we-are-about processing">\r\n\r\n                            <div class="animation-image">\r\n\r\n                                <img class="image01" src="etsb/web_assets/images/animate-img.png">\r\n\r\n                                <img class="image02" src="etsb/web_assets/images/working-bg.png">\r\n\r\n                            </div>\r\n\r\n                            <div class="working-process">\r\n\r\n                                <div class="side-area">\r\n\r\n                                    <div class="a-side">\r\n\r\n                                        <h3>You Sign UP</h3>\r\n\r\n                                    </div>\r\n\r\n                                    <div class="b-side">\r\n\r\n                                        <h3>Create A Job</h3>\r\n\r\n                                    </div>\r\n\r\n                                    <div class="c-side">\r\n\r\n                                        <h3>We Process It & Upload</h3>\r\n\r\n                                    </div>\r\n\r\n                                </div>\r\n\r\n                                <div class="trial-button-area">\r\n\r\n                                    <a href="file:///home/etsb/Desktop/bzm_graphics/free-trial.html" class="trial-button">    Free Trial</a>\r\n\r\n                                </div>\r\n\r\n                            </div>\r\n\r\n                        </div>\r\n\r\n                        <div class="row work-process">\r\n\r\n                            <div class="span3">\r\n\r\n                                <div class="single-process">\r\n\r\n                                    <p class="img-area">\r\n\r\n                                        <img src="etsb/web_assets/images/work-img-01.png">\r\n\r\n                                    </p>\r\n\r\n                                    <p class="process-name">Sign Up</p>\r\n\r\n                                </div>\r\n\r\n                            </div>\r\n\r\n                            <div class="span3">\r\n\r\n                                <div class="single-process">\r\n\r\n                                    <p class="img-area">\r\n\r\n                                        <img src="etsb/web_assets/images/work-img-02.png">\r\n\r\n                                    </p>\r\n\r\n                                    <p class="process-name">Create Job</p>\r\n\r\n                                </div>\r\n\r\n                            </div>\r\n\r\n                            <div class="span3">\r\n\r\n                                <div class="single-process">\r\n\r\n                                    <p class="img-area">\r\n\r\n                                        <img src="etsb/web_assets/images/work-img-03.png">\r\n\r\n                                    </p>\r\n\r\n                                    <p class="process-name">Process</p>\r\n\r\n                                </div>\r\n\r\n                            </div>\r\n\r\n                            <div class="span3">\r\n\r\n                                <div class="single-process">\r\n\r\n                                    <p class="img-area">\r\n\r\n                                        <img src="etsb/web_assets/images/work-img-04.png">\r\n\r\n                                    </p>\r\n\r\n                                    <p class="process-name">Download</p>\r\n\r\n                                </div>\r\n\r\n                            </div>\r\n\r\n                        </div>\r\n\r\n                    </div>\r\n\r\n                </div>\r\n\r\n            </div>\r\n\r\n        </div>\r\n\r\n    </div>\r\n\r\n\r\n<style>\r\n    .process-name{\r\n        margin: 0px 35px 10px;\r\n    }\r\n</style>\r\n', NULL, NULL, NULL, NULL, 'How it works', 'how it works', 'How it works', 'active', 0, 0, '2015-12-23 12:14:50', '2015-12-29 12:31:01');
INSERT INTO `article` (`id`, `title`, `slug`, `type`, `desc`, `featured_image`, `featured_image_2`, `thumbnail`, `thumbnail_2`, `meta_title`, `meta_keyword`, `meta_desc`, `status`, `created_by`, `updated_by`, `created_at`, `updated_at`) VALUES
(6, 'Our Works', 'our-works', 'our-works', '    <script type="text/javascript">\r\n        var mainStyle = "style.css";\r\n        if (typeof localStorage != "undefined") {\r\n            var colorSkin = localStorage.getItem("miracleColorSkin");\r\n            if (colorSkin != null) {\r\n                mainStyle = "style-" + colorSkin + ".css";\r\n            }\r\n        }\r\n        document.write(''<link id="main-style" rel="stylesheet" href="css/'' + mainStyle + ''">'');\r\n    </script>\r\n\r\n    <style>\r\n        .post-filters {\r\n            margin-top: 40px;\r\n        }\r\n\r\n        .container2 {\r\n            width: 100%;\r\n            margin-right: auto;\r\n            margin-left: auto;\r\n            padding-left: 0px;\r\n            padding-right: 0px;\r\n        }\r\n    </style>\r\n\r\n\r\n    <div class="page-title-container">\r\n        <div class="page-title">\r\n            <div class="container">\r\n                <h1 class="entry-title">Three Columns Grid</h1>\r\n            </div>\r\n        </div>\r\n        <ul class="breadcrumbs">\r\n            <li><a href="http://www.soaptheme.net/html/miracle/index.html">Home</a></li>\r\n            <li><a href="#">PAGES</a></li>\r\n            <li class="active">Portfolio</li>\r\n        </ul>\r\n    </div>\r\n\r\n    <div class="container2">\r\n        <div id="main">\r\n            <div class="post-wrapper isotope-active">\r\n                <div class="post-filters">\r\n                    <a href="#" class="btn btn-sm style4 hover-blue active" data-filter="filter-all">All</a>\r\n                    <a href="#" class="btn btn-sm style4 hover-blue" data-filter="filter-logo">Logo</a>\r\n                    <a href="#" class="btn btn-sm style4 hover-blue" data-filter="filter-business">Business</a>\r\n                    <a href="#" class="btn btn-sm style4 hover-blue" data-filter="filter-website">Website</a>\r\n                </div>\r\n                <div style="position: relative; height: 1040.15px;" class="iso-container iso-col-3 style-fancy active">\r\n                    <div style="position: absolute; left: 0px; top: 0px;" class="iso-item filter-all filter-logo">\r\n                        <article class="post">\r\n                            <figure><img src="etsb/web_assets/images/21.jpg" alt=""></figure>\r\n                            <div class="portfolio-hover-holder">\r\n                                <div class="portfolio-text">\r\n                                    <div class="portfolio-text-inner">\r\n                                        <h5 class="portfolio-title">Fullwidth Slideshow</h5> - <span class="portfolio-category">Fashion</span>\r\n                                    </div>\r\n                                </div>\r\n                                        <span class="portfolio-action">\r\n                                            <a class="soap-mfp-popup" href="http://www.soaptheme.net/html/miracle/images/portfolio/all/21.jpg"><i class="fa fa-eye has-circle"></i></a>\r\n                                            <a href="#"><i class="fa fa-chain has-circle"></i></a>\r\n                                        </span>\r\n                            </div>\r\n                        </article>\r\n                    </div>\r\n                    <div style="position: absolute; left: 389px; top: 0px;" class="iso-item filter-all filter-business">\r\n                        <article class="post">\r\n                            <figure><img src="etsb/web_assets/images/22.jpg" alt=""></figure>\r\n                            <div class="portfolio-hover-holder">\r\n                                <div class="portfolio-text">\r\n                                    <div class="portfolio-text-inner">\r\n                                        <h5 class="portfolio-title">Fullwidth Slideshow</h5> - <span class="portfolio-category">Fashion</span>\r\n                                    </div>\r\n                                </div>\r\n                                        <span class="portfolio-action">\r\n                                            <a class="soap-mfp-popup" href="http://www.soaptheme.net/html/miracle/images/portfolio/all/22.jpg"><i class="fa fa-eye has-circle"></i></a>\r\n                                            <a href="#"><i class="fa fa-chain has-circle"></i></a>\r\n                                        </span>\r\n                            </div>\r\n                        </article>\r\n                    </div>\r\n                    <div style="position: absolute; left: 779px; top: 0px;" class="iso-item filter-all filter-business">\r\n                        <article class="post">\r\n                            <figure><img src="etsb/web_assets/images/25.jpg" alt=""></figure>\r\n                            <div class="portfolio-hover-holder">\r\n                                <div class="portfolio-text">\r\n                                    <div class="portfolio-text-inner">\r\n                                        <h5 class="portfolio-title">Fullwidth Slideshow</h5> - <span class="portfolio-category">Fashion</span>\r\n                                    </div>\r\n                                </div>\r\n                                        <span class="portfolio-action">\r\n                                            <a class="soap-mfp-popup" href="http://www.soaptheme.net/html/miracle/images/portfolio/all/25.jpg"><i class="fa fa-eye has-circle"></i></a>\r\n                                            <a href="#"><i class="fa fa-chain has-circle"></i></a>\r\n                                        </span>\r\n                            </div>\r\n                        </article>\r\n                    </div>\r\n                    <div style="position: absolute; left: 0px; top: 259px;" class="iso-item filter-all filter-logo">\r\n                        <article class="post">\r\n                            <figure><img src="etsb/web_assets/images/24.jpg" alt=""></figure>\r\n                            <div class="portfolio-hover-holder">\r\n                                <div class="portfolio-text">\r\n                                    <div class="portfolio-text-inner">\r\n                                        <h5 class="portfolio-title">Fullwidth Slideshow</h5> - <span class="portfolio-category">Fashion</span>\r\n                                    </div>\r\n                                </div>\r\n                                        <span class="portfolio-action">\r\n                                            <a class="soap-mfp-popup" href="http://www.soaptheme.net/html/miracle/images/portfolio/all/24.jpg"><i class="fa fa-eye has-circle"></i></a>\r\n                                            <a href="#"><i class="fa fa-chain has-circle"></i></a>\r\n                                        </span>\r\n                            </div>\r\n                        </article>\r\n                    </div>\r\n                    <div style="position: absolute; left: 389px; top: 259px;" class="iso-item filter-all filter-website">\r\n                        <article class="post">\r\n                            <figure><img src="etsb/web_assets/images/20.jpg" alt=""></figure>\r\n                            <div class="portfolio-hover-holder">\r\n                                <div class="portfolio-text">\r\n                                    <div class="portfolio-text-inner">\r\n                                        <h5 class="portfolio-title">Fullwidth Slideshow</h5> - <span class="portfolio-category">Fashion</span>\r\n                                    </div>\r\n                                </div>\r\n                                        <span class="portfolio-action">\r\n                                            <a class="soap-mfp-popup" href="http://www.soaptheme.net/html/miracle/images/portfolio/all/20.jpg"><i class="fa fa-eye has-circle"></i></a>\r\n                                            <a href="#"><i class="fa fa-chain has-circle"></i></a>\r\n                                        </span>\r\n                            </div>\r\n                        </article>\r\n                    </div>\r\n                    <div style="position: absolute; left: 779px; top: 259px;" class="iso-item filter-all filter-website">\r\n                        <article class="post">\r\n                            <figure><img src="etsb/web_assets/images/23.jpg" alt=""></figure>\r\n                            <div class="portfolio-hover-holder">\r\n                                <div class="portfolio-text">\r\n                                    <div class="portfolio-text-inner">\r\n                                        <h5 class="portfolio-title">Fullwidth Slideshow</h5> - <span class="portfolio-category">Fashion</span>\r\n                                    </div>\r\n                                </div>\r\n                                        <span class="portfolio-action">\r\n                                            <a class="soap-mfp-popup" href="http://www.soaptheme.net/html/miracle/images/portfolio/all/23.jpg"><i class="fa fa-eye has-circle"></i></a>\r\n                                            <a href="#"><i class="fa fa-chain has-circle"></i></a>\r\n                                        </span>\r\n                            </div>\r\n                        </article>\r\n                    </div>\r\n                    <div style="position: absolute; left: 0px; top: 519px;" class="iso-item filter-all filter-logo filter-website">\r\n                        <article class="post">\r\n                            <figure><img src="etsb/web_assets/images/17.jpg" alt=""></figure>\r\n                            <div class="portfolio-hover-holder">\r\n                                <div class="portfolio-text">\r\n                                    <div class="portfolio-text-inner">\r\n                                        <h5 class="portfolio-title">Fullwidth Slideshow</h5> - <span class="portfolio-category">Fashion</span>\r\n                                    </div>\r\n                                </div>\r\n                                        <span class="portfolio-action">\r\n                                            <a class="soap-mfp-popup" href="http://www.soaptheme.net/html/miracle/images/portfolio/all/17.jpg"><i class="fa fa-eye has-circle"></i></a>\r\n                                            <a href="#"><i class="fa fa-chain has-circle"></i></a>\r\n                                        </span>\r\n                            </div>\r\n                        </article>\r\n                    </div>\r\n                    <div style="position: absolute; left: 389px; top: 519px;" class="iso-item filter-all filter-business">\r\n                        <article class="post">\r\n                            <figure><img src="etsb/web_assets/images/26.jpg" alt=""></figure>\r\n                            <div class="portfolio-hover-holder">\r\n                                <div class="portfolio-text">\r\n                                    <div class="portfolio-text-inner">\r\n                                        <h5 class="portfolio-title">Fullwidth Slideshow</h5> - <span class="portfolio-category">Fashion</span>\r\n                                    </div>\r\n                                </div>\r\n                                        <span class="portfolio-action">\r\n                                            <a class="soap-mfp-popup" href="http://www.soaptheme.net/html/miracle/images/portfolio/all/26.jpg"><i class="fa fa-eye has-circle"></i></a>\r\n                                            <a href="#"><i class="fa fa-chain has-circle"></i></a>\r\n                                        </span>\r\n                            </div>\r\n                        </article>\r\n                    </div>\r\n                    <div style="position: absolute; left: 779px; top: 519px;" class="iso-item filter-all filter-business">\r\n                        <article class="post">\r\n                            <figure><img src="etsb/web_assets/images/100.jpg" alt=""></figure>\r\n                            <div class="portfolio-hover-holder">\r\n                                <div class="portfolio-text">\r\n                                    <div class="portfolio-text-inner">\r\n                                        <h5 class="portfolio-title">Fullwidth Slideshow</h5> - <span class="portfolio-category">Fashion</span>\r\n                                    </div>\r\n                                </div>\r\n                                        <span class="portfolio-action">\r\n                                            <a class="soap-mfp-popup" href="http://www.soaptheme.net/html/miracle/images/portfolio/all/1.jpg"><i class="fa fa-eye has-circle"></i></a>\r\n                                            <a href="#"><i class="fa fa-chain has-circle"></i></a>\r\n                                        </span>\r\n                            </div>\r\n                        </article>\r\n                    </div>\r\n                    <div style="position: absolute; left: 0px; top: 779px;" class="iso-item filter-all filter-business">\r\n                        <article class="post">\r\n                            <figure><img src="etsb/web_assets/images/16.jpg" alt=""></figure>\r\n                            <div class="portfolio-hover-holder">\r\n                                <div class="portfolio-text">\r\n                                    <div class="portfolio-text-inner">\r\n                                        <h5 class="portfolio-title">Fullwidth Slideshow</h5> - <span class="portfolio-category">Fashion</span>\r\n                                    </div>\r\n                                </div>\r\n                                        <span class="portfolio-action">\r\n                                            <a class="soap-mfp-popup" href="http://www.soaptheme.net/html/miracle/images/portfolio/all/16.jpg"><i class="fa fa-eye has-circle"></i></a>\r\n                                            <a href="#"><i class="fa fa-chain has-circle"></i></a>\r\n                                        </span>\r\n                            </div>\r\n                        </article>\r\n                    </div>\r\n                    <div style="position: absolute; left: 389px; top: 779px;" class="iso-item filter-all filter-business">\r\n                        <article class="post">\r\n                            <figure><img src="etsb/web_assets/images/19.jpg" alt=""></figure>\r\n                            <div class="portfolio-hover-holder">\r\n                                <div class="portfolio-text">\r\n                                    <div class="portfolio-text-inner">\r\n                                        <h5 class="portfolio-title">Fullwidth Slideshow</h5> - <span class="portfolio-category">Fashion</span>\r\n                                    </div>\r\n                                </div>\r\n                                        <span class="portfolio-action">\r\n                                            <a class="soap-mfp-popup" href="http://www.soaptheme.net/html/miracle/images/portfolio/all/19.jpg"><i class="fa fa-eye has-circle"></i></a>\r\n                                            <a href="#"><i class="fa fa-chain has-circle"></i></a>\r\n                                        </span>\r\n                            </div>\r\n                        </article>\r\n                    </div>\r\n                    <div style="position: absolute; left: 779px; top: 779px;" class="iso-item filter-all filter-business">\r\n                        <article class="post">\r\n                            <figure><img src="etsb/web_assets/images/18.jpg" alt=""></figure>\r\n                            <div class="portfolio-hover-holder">\r\n                                <div class="portfolio-text">\r\n                                    <div class="portfolio-text-inner">\r\n                                        <h5 class="portfolio-title">Fullwidth Slideshow</h5> - <span class="portfolio-category">Fashion</span>\r\n                                    </div>\r\n                                </div>\r\n                                        <span class="portfolio-action">\r\n                                            <a class="soap-mfp-popup" href="http://www.soaptheme.net/html/miracle/images/portfolio/all/18.jpg"><i class="fa fa-eye has-circle"></i></a>\r\n                                            <a href="#"><i class="fa fa-chain has-circle"></i></a>\r\n                                        </span>\r\n                            </div>\r\n                        </article>\r\n                    </div>\r\n                </div>\r\n                <div class="text-center">\r\n                    <a href="#" class="btn style4 hover-blue load-more">Load More</a>\r\n                </div>\r\n            </div>\r\n        </div>\r\n    </div>\r\n', NULL, NULL, NULL, NULL, 'Our Works', 'Our Works', 'Our Works', 'active', 0, 0, '2015-12-23 12:16:53', '2015-12-29 12:19:40'),
(7, 'Photoshop Clipping', 'photoshop-clipping', 'photoshop-clipping-path', '<div class="service-item single">\r\n        <div class="container">\r\n            <div class="row">\r\n                <div class="content-area">\r\n                    <div class="span9 offset1">\r\n                        <h2 class="content-title">Photoshop Clipping Path</h2>\r\n                        <p class="service-main-content"> Photo clipping path services are ideal for those who are interested in capturing only a specific section of a photograph while ignoring the other areas. bZm Graphics offers the finest quality Photoshop Clipping Path (image cutout, Photoshop silo/silhouette or background knockout) service. bZm Graphics has 3 years of professional experience in providing bulk clipping paths service with 100% quality assurance, fast turnaround time and very competitive price.</p>\r\n                    </div>\r\n                    <div class="span2 thumb"> <img class="man-cut right" src="etsb/web_assets/images/clipping.png" alt="man-cut-clipping"> </div>\r\n                    <div class="clear"></div>\r\n                    <div class="span12">\r\n                        <div class="trial-button-area"> <a href="#" class="trial-button">Free Trial</a> </div>\r\n                    </div>\r\n                </div>\r\n\r\n                <div class="service-feature-area">\r\n                    <div class="item-box secured span10 offset1">\r\n                        <div class="img left">secured</div>\r\n                        <div class="content left">\r\n                            <p class="content-title">Data Secured</p>\r\n                            <p class="service-main-content">At bZm Graphics we treat it as our duty to make sure that your images are arranged and processed under maximum security and uncompromised privacy. We make sure only we both have the access to your images by providing you with fully encrypted web based application.</p>\r\n                        </div>\r\n                    </div>\r\n                </div>\r\n                <div class="we-are service-galance-area"> <span class="left-shadow"></span>\r\n                    <h3 class="we-are-head">Services At A Glance</h3>\r\n                    <span class="right-shadow"></span> </div>\r\n                <div class="service-galance"> <a href="#">\r\n                        <div class="item-box span3">\r\n                            <div class="img clipping"><img alt="service-galance-clipping" src="etsb/web_assets/images/clipping.png"></div>\r\n                            <p class="content-title"> Photoshop Clipping Path </p>\r\n                        </div>\r\n                    </a> <a href="#">\r\n                        <div class="item-box span3">\r\n                            <div class="img retouching"><img alt="service-galance-retouching" src="etsb/web_assets/images/retouching.png"></div>\r\n                            <p class="content-title">Photo Retouching</p>\r\n                        </div>\r\n                    </a> <a href="#">\r\n                        <div class="item-box span3">\r\n                            <div class="img masking"><img src="etsb/web_assets/images/masking.png" alt="service-galance-masking"></div>\r\n                            <p class="content-title">Image Masking</p>\r\n                        </div>\r\n                    </a> <a href="#">\r\n                        <div class="item-box span3">\r\n                            <div class="img shadow-creation"><img src="etsb/web_assets/images/shadow-creation.png" alt="service-galance-shadow-creation"></div>\r\n                            <p class="content-title">Shadow & Reflection Creation</p>\r\n                        </div>\r\n                    </a> </div>\r\n            </div>\r\n        </div>\r\n    </div>\r\n', 'uploads/featured_image/63920item-01-01.png', 'uploads/featured_image/20950item-01-02.png', 'uploads/featured_image/thumb_200x200_387_item-01-01.png', NULL, 'photoshop clipping', 'photoshop clipping', 'photoshop clipping', 'active', 0, 0, '2015-12-23 12:19:03', '2015-12-31 07:21:16'),
(8, 'Image Masking', 'image-masking', 'image-masking', ' <div class="service-item single">\r\n\r\n            <div class="container">\r\n\r\n                <div class="row">\r\n\r\n                    <div class="content-area">\r\n\r\n                        <div class="span9 offset1">\r\n\r\n                            <p class="content-title">Photoshop Clipping Mask</p>\r\n\r\n                            <p class="service-main-content">\r\n\r\n                                Manipulating an image with complex angles requires significant attention to detail and skill.\r\n\r\n                                With a team of many years experienced in the digital design industry bZm Graphics is we capable to provide both type of Photo Masking services Layer Masking and Channel Masking. At the same time we are also capable to assure the 100% quality, quick turnaround time and competitive price. </p>\r\n\r\n                        </div>\r\n\r\n                        <div class="span2 thumb">\r\n\r\n                            <img class="man-cut right" src="etsb/web_assets/images/masking.png" alt="masking">\r\n\r\n                        </div>\r\n\r\n                        <div class="clear"></div>\r\n\r\n                        <div class="span12">\r\n\r\n                            <div class="trial-button-area">\r\n\r\n                                <a href="file:///home/etsb/Desktop/bzm_graphics/free-trial.html" class="trial-button">Free Trial</a>\r\n\r\n                            </div>\r\n\r\n                        </div>\r\n\r\n                    </div>\r\n\r\n                    <div class="we-are service-head-area"><span class="left-shadow"></span><h3 class="we-are-head"><b>Easy Way</b></h3>\r\n                        <span class="right-shadow"></span></div>\r\n                    <div class="easy-way-area"><div class="item-box span4"><img src="etsb/web_assets/images/easy-01.png"><p class="content-title">Create Job</p></div><div class="item-box span4"><img src="etsb/web_assets/images/easy-02.png"><p class="content-title">We Process</p></div><div class="item-box span4"><img src="etsb/web_assets/images/easy-03.png"><p class="content-title">You Happy</p></div></div> <div class="we-are service-galance-area">\r\n\r\n\r\n                        <span class="left-shadow"></span><h3 class="we-are-head">Service At a Galance</h3><span class="right-shadow"></span>\r\n\r\n\r\n                    </div>\r\n\r\n                    <div class="service-galance">\r\n\r\n                        <a href="file:///home/etsb/Desktop/bzm_graphics/clipping-path.html"><div class="item-box span3">\r\n\r\n                                <div class="img clipping"><img alt="service-galance-clipping" src="etsb/web_assets/images/clipping.png"></div>\r\n\r\n                                <p class="content-title">Photoshop Clipping Path</p>\r\n\r\n                            </div></a>\r\n\r\n                        <a href="file:///home/etsb/Desktop/bzm_graphics/photo-retouch.html"><div class="item-box span3">\r\n\r\n                                <div class="img retouching"><img alt="service-galance-retouching" src="etsb/web_assets/images/retouching.png"></div>\r\n\r\n                                <p class="content-title">Photo Retouch</p>\r\n\r\n                            </div></a>\r\n\r\n                        <a href="./bZm Graphics _ Image Masking _ Image Editing Services_files/bZm Graphics _ Image Masking _ Image Editing Services.html"><div class="item-box span3">\r\n\r\n                                <div class="img masking"><img src="etsb/web_assets/images/masking.png" alt="service-galance-masking"></div>\r\n\r\n                                <p class="content-title">Image Masking</p>\r\n\r\n                            </div></a>\r\n\r\n                        <a href="file:///home/etsb/Desktop/bzm_graphics/shadow-creation.html"><div class="item-box span3">\r\n\r\n                                <div class="img shadow-creation"><img src="etsb/web_assets/images/shadow-creation.png" alt="service-galance-shadow-creation"></div>\r\n\r\n                                <p class="content-title">Shadow & Reflection Creation</p>\r\n\r\n                            </div></a>\r\n\r\n                    </div>\r\n\r\n                </div>\r\n\r\n            </div>\r\n\r\n        </div>\r\n\r\n    </div>\r\n\r\n<style>\r\n    .span4 {\r\n        width: 300px;\r\n    }\r\n</style>\r\n', 'uploads/featured_image/89295item-05-01.png', 'uploads/featured_image/79818item-05-02.png', 'uploads/featured_image/thumb_200x200_182_item-05-01.png', NULL, 'Image Masking', 'Image Masking', 'Image Masking', 'active', 0, 0, '2015-12-23 12:20:46', '2015-12-31 07:28:57'),
(9, 'Color Seperation Correction', 'color-seperation-correction', 'color-separation-correction', '<div class="service-item single">\r\n        <div class="container">\r\n            <div class="row">\r\n                <div class="content-area">\r\n                    <div class="span9 offset1">\r\n                        <h2 class="content-title">Color separation / Correction</h2>\r\n                        <p class="service-main-content">Color separation is a very old concept which was previously done manually demanded expertise and keen eye for color. With this fast changing digital age and invention of innovative software color separations / correction have now become an easy job. However, it’s just not good look or feels but an extremely effective process to showcase your advertised goods in different media. At bZm Graphics a team of brilliant designers are always ready to take care your Color correction / separation projects.</p>\r\n                    </div>\r\n                    <div class="span2 thumb">\r\n                        <img class="man-cut right" src="etsb/web_assets/images/man-cutting.png" alt="man-cutting">\r\n                    </div>\r\n                    <div class="clear"></div>\r\n                    <div class="span12">\r\n                        <div class="trial-button-area">\r\n                            <a href="#" class="trial-button">Free Trial</a>\r\n                        </div>\r\n                    </div>\r\n                </div>\r\n\r\n                <div class="we-are service-head-area">\r\n                    <span class="left-shadow"></span>\r\n                    <h3 class="we-are-head">Easy Way</h3>\r\n                    <span class="right-shadow"></span>\r\n                </div>\r\n                <div class="easy-way-area">\r\n                    <div class="item-box span4">\r\n                        <img src="etsb/web_assets/images/easy-01.png">\r\n                        <p class="content-title">Create Job</p>\r\n                    </div><div class="item-box span4">\r\n                        <img src="etsb/web_assets/images/easy-02.png">\r\n                        <p class="content-title">We Process</p>\r\n                    </div>\r\n                    <div class="item-box span4">\r\n                        <img src="etsb/web_assets/images/easy-03.png">\r\n                        <p class="content-title">You Happy</p>\r\n                    </div>\r\n                </div>\r\n                <div class="we-are service-galance-area">\r\n                    <span class="left-shadow"></span>\r\n                    <h3 class="we-are-head">Services At A Glance</h3>\r\n                    <span class="right-shadow"></span>\r\n                </div>\r\n                <div class="service-galance">\r\n                    <a href="#">\r\n                        <div class="item-box span3">\r\n                            <div class="img clipping">\r\n                                <img alt="service-galance-clipping" src="etsb/web_assets/images/clipping.png">\r\n                            </div>\r\n                            <p class="content-title"> Photoshop Clipping Path </p>\r\n                        </div>\r\n                    </a>\r\n                    <a href="#">\r\n                        <div class="item-box span3">\r\n                            <div class="img retouching">\r\n                                <img alt="service-galance-retouching" src="etsb/web_assets/images/retouching.png">\r\n                            </div>\r\n                            <p class="content-title">Photo Retouching</p>\r\n                        </div>\r\n                    </a>\r\n                    <a href="#">\r\n                        <div class="item-box span3">\r\n                            <div class="img masking">\r\n                                <img src="etsb/web_assets/images/masking.png" alt="service-galance-masking">\r\n                            </div>\r\n                            <p class="content-title">Image Masking</p>\r\n                        </div>\r\n                    </a>\r\n                    <a href="#">\r\n                        <div class="item-box span3">\r\n                            <div class="img shadow-creation">\r\n                                <img src="etsb/web_assets/images/shadow-creation.png" alt="service-galance-shadow-creation">\r\n                            </div>\r\n                            <p class="content-title">Shadow & Reflection Creation</p>\r\n                        </div>\r\n                    </a>\r\n                </div>\r\n            </div>\r\n        </div>\r\n    </div>', 'uploads/featured_image/60614item-02-01.png', 'uploads/featured_image/97241item-02-02.png', 'uploads/featured_image/thumb_200x200_590_item-02-01.png', NULL, 'Color Seperation Correction', 'color-seperation-correction', 'Color Seperation Correction', 'active', 0, 0, '2015-12-23 12:24:32', '2015-12-31 07:25:01'),
(10, 'Photo Retouching', 'photo-retouching', 'photo-retouching', '<div class="service-item single">\r\n        <div class="container">\r\n            <div class="row">\r\n                <div class="content-area">\r\n                    <div class="span9 offset1">\r\n                        <h2 class="content-title">Photo Retouching</h2>\r\n                        <p class="service-main-content">\r\n                            Quality photographs are ardent ingredient of media and fashion industry, and they have become an identifying representation of most brands. Image Retouching has become the right option for clarifying such photographs. And in the advanced state, image retouching has become the need for the day. Our world class team of Designers put a painstaking effort with utter creativity to accomplish in your image retouching and photo touch up with every detail.</p>\r\n                    </div>\r\n                    <div class="span2 thumb">\r\n                        <img class="man-cut right" src="etsb/web_assets/images/retouching.png" alt="retouching">\r\n                    </div>\r\n                    <div class="clear"></div>\r\n                    <div class="span12">\r\n                        <div class="trial-button-area">\r\n                            <a href="#" class="trial-button">Free Trial</a>\r\n                        </div>\r\n                    </div>\r\n                </div>\r\n                <div class="service-feature-area">\r\n                    <div class="item-box price span10 offset1">\r\n                        <div class="img left">price</div>\r\n                        <div class="content left">\r\n                            <p class="content-title">Best Price</p>\r\n                            <p class="service-main-content">Where quality means everything to you price comes as next consideration. bZm Graphics offer both Perfect quality finish and Best competitive price. As we are focused in long term business relationship, we are always open to discuss price.</p>\r\n                        </div>\r\n                    </div>\r\n                </div>\r\n                <div class="we-are service-galance-area">\r\n                    <span class="left-shadow"></span>\r\n                    <h3 class="we-are-head">Services At A Glance</h3>\r\n                    <span class="right-shadow"></span>\r\n                </div>\r\n                <div class="service-galance">\r\n                    <a href="#"><div class="item-box span3">\r\n                            <div class="img clipping">\r\n                                <img alt="service-galance-clipping" src="etsb/web_assets/images/clipping.png">\r\n                            </div>\r\n                            <p class="content-title">Photoshop Clipping Path</p>\r\n                        </div>\r\n                    </a>\r\n                    <a href="#"><div class="item-box span3">\r\n                            <div class="img retouching">\r\n                                <img alt="service-galance-retouching" src="etsb/web_assets/images/retouching.png">\r\n                            </div>\r\n                            <p class="content-title">Photo Retouch</p>\r\n                        </div>\r\n                    </a>\r\n                    <a href="#">\r\n                        <div class="item-box span3">\r\n                            <div class="img masking">\r\n                                <img src="etsb/web_assets/images/masking.png" alt="service-galance-masking">\r\n                            </div>\r\n                            <p class="content-title">Image Masking</p>\r\n                        </div>\r\n                    </a>\r\n                    <a href="#">\r\n                        <div class="item-box span3">\r\n                            <div class="img shadow-creation">\r\n                                <img src="etsb/web_assets/images/shadow-creation.png" alt="service-galance-shadow-creation">\r\n                            </div>\r\n                            <p class="content-title">Shadow & Reflection Creation</p>\r\n                        </div>\r\n                    </a>\r\n                </div>\r\n            </div>\r\n        </div>\r\n    </div>', 'uploads/featured_image/94718item-08-01.png', 'uploads/featured_image/33520item-08-01.png', 'uploads/featured_image/thumb_200x200_194_item-08-01.png', NULL, 'Photo Retouching', 'photo retouching', 'Photo Retouching', 'active', 0, 0, '2015-12-23 12:26:09', '2015-12-31 07:30:33'),
(11, 'Image Manipulation', 'image-manipulation', 'image-manipulation', '<div class="service-item single">\r\n        <div class="container">\r\n            <div class="row">\r\n                <div class="content-area">\r\n                    <div class="span9 offset1">\r\n                        <h2 class="content-title">Neck Joint</h2>\r\n                        <p class="service-main-content">\r\n                            Photo manipulation is the process of altering a photo to improve the look, beauty and readability of the image. Photo manipulation creatively combines and modifies elements of a photo to produce a unique image that is convincing to a viewer. Image Manipulation is a key service of bZm Graphics. Our sophisticated image editing team is well capable to handle the manipulation service for any kind of complex images by matching the color, shapes, fitting and hue.</p>\r\n                    </div>\r\n                    <div class="span2 thumb">\r\n                        <img class="man-cut right" src="etsb/web_assets/images/neck-join.png" alt="neck-join">\r\n                    </div>\r\n                    <div class="clear"></div>\r\n                    <div class="span12">\r\n                        <div class="trial-button-area">\r\n                            <a href="#" class="trial-button">Free Trial</a>\r\n                        </div>\r\n                    </div>\r\n                </div>\r\n                <div class="service-feature-area">\r\n                    <div class="item-box secured span10 offset1">\r\n                        <div class="img left">secured</div>\r\n                        <div class="content left">\r\n                            <p class="content-title">Data Secured</p>\r\n                            <p class="service-main-content">At bZm Graphics we treat it as our duty to make sure that your images are arranged and processed under maximum security and uncompromised privacy. We make sure only we both have the access to your images by providing you with fully encrypted web based application.</p>\r\n                        </div>\r\n                    </div>\r\n                </div>\r\n                <div class="we-are service-galance-area">\r\n                    <span class="left-shadow"></span>\r\n                    <h3 class="we-are-head">Services At A Glance</h3>\r\n                    <span class="right-shadow"></span>\r\n                </div>\r\n                <div class="service-galance">\r\n                    <a href="#"><div class="item-box span3">\r\n                            <div class="img clipping">\r\n                                <img alt="service-galance-clipping" src="etsb/web_assets/images/clipping.png">\r\n                            </div>\r\n                            <p class="content-title">Photoshop Clipping Path</p>\r\n                        </div>\r\n                    </a>\r\n                    <a href="#"><div class="item-box span3">\r\n                            <div class="img retouching">\r\n                                <img alt="service-galance-retouching" src="etsb/web_assets/images/retouching.png">\r\n                            </div>\r\n                            <p class="content-title">Photo Retouch</p>\r\n                        </div>\r\n                    </a>\r\n                    <a href="#">\r\n                        <div class="item-box span3">\r\n                            <div class="img masking"><img src="etsb/web_assets/images/masking.png" alt="service-galance-masking">\r\n                            </div>\r\n                            <p class="content-title">Image Masking</p>\r\n                        </div>\r\n                    </a>\r\n                    <a href="#">\r\n                        <div class="item-box span3">\r\n                            <div class="img shadow-creation">\r\n                                <img src="etsb/web_assets/images/shadow-creation.png" alt="service-galance-shadow-creation"></div>\r\n                            <p class="content-title">Shadow & Reflection Creation</p>\r\n                        </div>\r\n                    </a>\r\n                </div>\r\n            </div>\r\n        </div>\r\n    </div>', 'uploads/featured_image/22872item-06-01.png', 'uploads/featured_image/26115item-06-01.png', 'uploads/featured_image/thumb_200x200_742_item-06-01.png', NULL, 'Image Manipulation', 'image manipulation', 'Image Manipulation', 'active', 0, 0, '2015-12-23 12:27:57', '2015-12-31 07:31:33'),
(12, 'Shadow and Reflection Creation', 'shadow-and-reflection-creation', 'shadow-and-reflection-creation', '<div class="service-item single">\r\n        <div class="container">\r\n            <div class="row">\r\n                <div class="content-area">\r\n                    <div class="span9 offset1">\r\n                        <h2 class="content-title">Shadow and Reflection Creation</h2>\r\n                        <p class="service-main-content"> Image shadowing is undoubtedly one of the most beneficial techniques to enhance the beauty of a Photo. Adding reflection and drop shadows can transform dull illustrations giving them a crisp and attractive appeal. Our expert designers are at best of accomplishing Image shadowing service (natural shadow, drop shadow, reflection shadow) using their breathtaking formula. </p>\r\n                    </div>\r\n                    <div class="span2 thumb"> <img class="man-cut right" src="etsb/web_assets/images/man-cutting.png" alt="man-cutting"> </div>\r\n                    <div class="clear"></div>\r\n                    <div class="span12">\r\n                        <div class="trial-button-area"> <a href="#" class="trial-button">Free Trial </a> </div>\r\n                    </div>\r\n                </div>\r\n\r\n                <div class="service-feature-area">\r\n                    <div class="item-box fast span10 offset1">\r\n                        <div class="img left">fast</div>\r\n                        <div class="content left">\r\n                            <p class="content-title">Super Fast Delivery</p>\r\n                            <p class="service-main-content">bZm Graphics guarantee you a faster turnaround time. This is just not a commitment but a bible we rely on. We have different teams projects based. That allows us to deliver your requirements within your expected time frame.</p>\r\n                        </div>\r\n                    </div>\r\n                </div>\r\n                <div class="we-are service-galance-area"> <span class="left-shadow"></span>\r\n                    <h3 class="we-are-head">Services At A Glance</h3>\r\n                    <span class="right-shadow"></span> </div>\r\n                <div class="service-galance"> <a href="#">\r\n                        <div class="item-box span3">\r\n                            <div class="img clipping"><img alt="service-galance-clipping" src="etsb/web_assets/images/clipping.png"></div>\r\n                            <p class="content-title">Photoshop Clipping Path</p>\r\n                        </div>\r\n                    </a> <a href="#">\r\n                        <div class="item-box span3">\r\n                            <div class="img retouching"><img alt="service-galance-retouching" src="etsb/web_assets/images/retouching.png"></div>\r\n                            <p class="content-title">Photoshop Retouch</p>\r\n                        </div>\r\n                    </a> <a href="#">\r\n                        <div class="item-box span3">\r\n                            <div class="img masking"><img src="etsb/web_assets/images/masking.png" alt="service-galance-masking"></div>\r\n                            <p class="content-title">Image Masking</p>\r\n                        </div>\r\n                    </a> <a href="#">\r\n                        <div class="item-box span3">\r\n                            <div class="img shadow-creation"><img src="etsb/web_assets/images/shadow-creation.png" alt="service-galance-shadow-creation"></div>\r\n                            <p class="content-title">Shadow and refection Creation</p>\r\n                        </div>\r\n                    </a> </div>\r\n            </div>\r\n        </div>\r\n    </div>\r\n    </div>', 'uploads/featured_image/81757item-11-01.png', 'uploads/featured_image/85829item-11-02.png', 'uploads/featured_image/thumb_200x200_288_item-11-01.png', NULL, 'Shadow and Reflection Creation', 'shadow and reflection creation', 'Shadow and Reflection Creation', 'active', 0, 0, '2015-12-23 12:30:02', '2015-12-31 07:29:45'),
(13, 'E-commerce Image Optimization', 'e-commerce-image-optimization', 'e-commerce-image-optimization', '<div class="service-item single">\r\n        <div class="container">\r\n            <div class="row">\r\n                <div class="content-area">\r\n                    <div class="span9 offset1">\r\n                        <h2 class="content-title">E-commerce Image optimization</h2>\r\n                        <p class="service-main-content"> Image optimization is a key for fast web page display. Optimizing photo for the web is vital if you are running an e-commerce site or online store as an e-commerce site make up over 50 percent of average web page and determines the display speed of your pages.<br>\r\n                            Let graphics optimization experts at bZm Graphics optimize your graphics for maximum speed. At bZm Graphics we compress any sizes of images, reduce the image file size and optimize the images for the end user without any loss of quality or any kind of slight deviation of the image appearance.</p>\r\n                    </div>\r\n                    <div class="span2 thumb"> <img class="man-cut right" src="etsb/web_assets/images/web-image-optimazation.png" alt="man-cut-web-image-optimazation"> </div>\r\n                    <div class="clear"></div>\r\n                    <div class="span12">\r\n                        <div class="trial-button-area"> <a href="#" class="trial-button">Free Trial</a> </div>\r\n                    </div>\r\n                </div>\r\n\r\n                <div class="we-are service-head-area"><span class="left-shadow"></span>\r\n                    <h3 class="we-are-head">Easy Way</h3>\r\n                    <span class="right-shadow"></span></div>\r\n                <div class="easy-way-area">\r\n                    <div class="item-box span4"><img src="etsb/web_assets/images/easy-01.png">\r\n                        <p class="content-title">Create Job</p>\r\n                    </div>\r\n                    <div class="item-box span4"><img src="etsb/web_assets/images/easy-02.png">\r\n                        <p class="content-title">We Process</p>\r\n                    </div>\r\n                    <div class="item-box span4"><img src="etsb/web_assets/images/easy-03.png">\r\n                        <p class="content-title">You Happy</p>\r\n                    </div>\r\n                </div>\r\n                <div class="we-are service-galance-area"> <span class="left-shadow"></span>\r\n                    <h3 class="we-are-head">Services At A Glance</h3>\r\n                    <span class="right-shadow"></span> </div>\r\n                <div class="service-galance"> <a href="#">\r\n                        <div class="item-box span3">\r\n                            <div class="img clipping"><img alt="service-galance-clipping" src="etsb/web_assets/images/clipping.png"></div>\r\n                            <p class="content-title">Photoshop Clipping Path</p>\r\n                        </div>\r\n                    </a> <a href="#">\r\n                        <div class="item-box span3">\r\n                            <div class="img retouching"><img alt="service-galance-retouching" src="etsb/web_assets/images/retouching.png"></div>\r\n                            <p class="content-title">Photo Retouch</p>\r\n                        </div>\r\n                    </a> <a href="#">\r\n                        <div class="item-box span3">\r\n                            <div class="img masking"><img src="etsb/web_assets/images/masking.png" alt="service-galance-masking"></div>\r\n                            <p class="content-title">Image Masking</p>\r\n                        </div>\r\n                    </a> <a href="#">\r\n                        <div class="item-box span3">\r\n                            <div class="img shadow-creation"><img src="etsb/web_assets/images/shadow-creation.png" alt="service-galance-shadow-creation"></div>\r\n                            <p class="content-title">Shadow and Reflection Creation</p>\r\n                        </div>\r\n                    </a> </div>\r\n            </div>\r\n        </div>\r\n    </div>', 'uploads/featured_image/31751item-10-01.png', 'uploads/featured_image/49291item-10-01.png', 'uploads/featured_image/thumb_200x200_717_item-10-01.png', NULL, 'E-commerce Image optimization', 'e-commerce image optimization', 'E-commerce Image optimization', 'active', 0, 0, '2015-12-23 12:31:45', '2015-12-31 08:13:25');

--
-- Dumping data for table `cat_gallery`
--

INSERT INTO `cat_gallery` (`id`, `title`, `slug`, `desc`, `status`, `created_by`, `updated_by`, `created_at`, `updated_at`) VALUES
(5, 'All', 'all', 'all category', 'active', 0, 0, '2015-12-28 04:02:03', '2015-12-28 04:02:03'),
(6, 'clippingpath', 'clippingpath', 'clippingpath', 'active', 0, 0, '2015-12-28 04:02:31', '2015-12-28 04:02:31'),
(7, 'colorcorrection', 'colorcorrection', 'colorcorrection', 'active', 0, 0, '2015-12-28 04:02:50', '2015-12-28 04:02:56'),
(8, 'desktoppublishig', 'desktoppublishig', 'desktoppublishig', 'active', 0, 0, '2015-12-28 04:04:26', '2015-12-28 04:04:26'),
(9, 'glamourenhencement', 'glamourenhencement', 'glamourenhencement', 'active', 0, 0, '2015-12-28 04:04:47', '2015-12-28 04:04:47'),
(10, 'hairmasking', 'hairmasking', 'hairmasking', 'active', 0, 0, '2015-12-28 04:09:58', '2015-12-28 04:09:58'),
(11, 'imagemanipulation', 'imagemanipulation', 'imagemanipulation', 'active', 0, 0, '2015-12-28 04:10:16', '2015-12-28 04:10:16'),
(12, 'shadow', 'shadow', 'shadow', 'active', 0, 0, '2015-12-28 04:11:03', '2015-12-28 04:11:03');

--
-- Dumping data for table `central_settings`
--

INSERT INTO `central_settings` (`id`, `title`, `status`, `user_type`, `created_by`, `updated_by`, `created_at`, `updated_at`) VALUES
(1, 'login-notification', 'no', 'admin', 0, 0, '2015-12-24 02:55:47', '2015-12-24 02:55:47');

--
-- Dumping data for table `country`
--

INSERT INTO `country` (`id`, `code`, `title`, `created_by`, `updated_by`, `created_at`, `updated_at`) VALUES
(1, 'AF', 'Afghanistan ', 1, 1, '2015-12-24 02:55:33', '2015-12-24 02:55:33'),
(2, 'AX', 'Åland Islands ', 1, 1, '2015-12-24 02:55:33', '2015-12-24 02:55:33'),
(3, 'AL', 'Albania ', 1, 1, '2015-12-24 02:55:33', '2015-12-24 02:55:33'),
(4, 'DZ', 'Algeria ', 1, 1, '2015-12-24 02:55:33', '2015-12-24 02:55:33'),
(5, 'AS', 'American Samoa ', 1, 1, '2015-12-24 02:55:33', '2015-12-24 02:55:33'),
(6, 'AD', 'Andorra ', 1, 1, '2015-12-24 02:55:33', '2015-12-24 02:55:33'),
(7, 'AO', 'Angola ', 1, 1, '2015-12-24 02:55:33', '2015-12-24 02:55:33'),
(8, 'AI', 'Anguilla ', 1, 1, '2015-12-24 02:55:33', '2015-12-24 02:55:33'),
(9, 'AQ', 'Antarctica ', 1, 1, '2015-12-24 02:55:33', '2015-12-24 02:55:33'),
(10, 'AG', 'Antigua and Barbuda ', 1, 1, '2015-12-24 02:55:33', '2015-12-24 02:55:33'),
(11, 'AR', 'Argentina ', 1, 1, '2015-12-24 02:55:33', '2015-12-24 02:55:33'),
(12, 'AM', 'Armenia ', 1, 1, '2015-12-24 02:55:33', '2015-12-24 02:55:33'),
(13, 'AW', 'Aruba ', 1, 1, '2015-12-24 02:55:34', '2015-12-24 02:55:34'),
(14, 'AU', 'Australia ', 1, 1, '2015-12-24 02:55:34', '2015-12-24 02:55:34'),
(15, 'AT', 'Austria ', 1, 1, '2015-12-24 02:55:34', '2015-12-24 02:55:34'),
(16, 'AZ', 'Azerbaijan ', 1, 1, '2015-12-24 02:55:34', '2015-12-24 02:55:34'),
(17, 'BS', 'Bahamas ', 1, 1, '2015-12-24 02:55:34', '2015-12-24 02:55:34'),
(18, 'BH', 'Bahrain ', 1, 1, '2015-12-24 02:55:34', '2015-12-24 02:55:34'),
(19, 'BD', 'Bangladesh ', 1, 1, '2015-12-24 02:55:34', '2015-12-24 02:55:34'),
(20, 'BB', 'Barbados ', 1, 1, '2015-12-24 02:55:34', '2015-12-24 02:55:34'),
(21, 'BY', 'Belarus ', 1, 1, '2015-12-24 02:55:34', '2015-12-24 02:55:34'),
(22, 'BE', 'Belgium ', 1, 1, '2015-12-24 02:55:34', '2015-12-24 02:55:34'),
(23, 'BZ', 'Belize ', 1, 1, '2015-12-24 02:55:34', '2015-12-24 02:55:34'),
(24, 'BJ', 'Benin ', 1, 1, '2015-12-24 02:55:34', '2015-12-24 02:55:34'),
(25, 'BM', 'Bermuda ', 1, 1, '2015-12-24 02:55:34', '2015-12-24 02:55:34'),
(26, 'BT', 'Bhutan ', 1, 1, '2015-12-24 02:55:34', '2015-12-24 02:55:34'),
(27, 'BO', 'Bolivia, Plurinational State of ', 1, 1, '2015-12-24 02:55:34', '2015-12-24 02:55:34'),
(28, 'BQ', 'Bonaire, Sint Eustatius and Saba ', 1, 1, '2015-12-24 02:55:34', '2015-12-24 02:55:34'),
(29, 'BA', 'Bosnia and Herzegovina ', 1, 1, '2015-12-24 02:55:34', '2015-12-24 02:55:34'),
(30, 'BW', 'Botswana ', 1, 1, '2015-12-24 02:55:34', '2015-12-24 02:55:34'),
(31, 'BV', 'Bouvet Island ', 1, 1, '2015-12-24 02:55:34', '2015-12-24 02:55:34'),
(32, 'BR', 'Brazil ', 1, 1, '2015-12-24 02:55:34', '2015-12-24 02:55:34'),
(33, 'IO', 'British Indian Ocean Territory ', 1, 1, '2015-12-24 02:55:35', '2015-12-24 02:55:35'),
(34, 'BN', 'Brunei Darussalam ', 1, 1, '2015-12-24 02:55:35', '2015-12-24 02:55:35'),
(35, 'BG', 'Bulgaria ', 1, 1, '2015-12-24 02:55:35', '2015-12-24 02:55:35'),
(36, 'BF', 'Burkina Faso ', 1, 1, '2015-12-24 02:55:35', '2015-12-24 02:55:35'),
(37, 'BI', 'Burundi ', 1, 1, '2015-12-24 02:55:35', '2015-12-24 02:55:35'),
(38, 'KH', 'Cambodia ', 1, 1, '2015-12-24 02:55:35', '2015-12-24 02:55:35'),
(39, 'CM', 'Cameroon ', 1, 1, '2015-12-24 02:55:35', '2015-12-24 02:55:35'),
(40, 'CA', 'Canada ', 1, 1, '2015-12-24 02:55:35', '2015-12-24 02:55:35'),
(41, 'CV', 'Cape Verde ', 1, 1, '2015-12-24 02:55:35', '2015-12-24 02:55:35'),
(42, 'KY', 'Cayman Islands ', 1, 1, '2015-12-24 02:55:35', '2015-12-24 02:55:35'),
(43, 'CF', 'Central African Republic ', 1, 1, '2015-12-24 02:55:35', '2015-12-24 02:55:35'),
(44, 'TD', 'Chad ', 1, 1, '2015-12-24 02:55:35', '2015-12-24 02:55:35'),
(45, 'CL', 'Chile ', 1, 1, '2015-12-24 02:55:35', '2015-12-24 02:55:35'),
(46, 'CN', 'China ', 1, 1, '2015-12-24 02:55:35', '2015-12-24 02:55:35'),
(47, 'CX', 'Christmas Island ', 1, 1, '2015-12-24 02:55:35', '2015-12-24 02:55:35'),
(48, 'CC', 'Cocos (Keeling) Islands ', 1, 1, '2015-12-24 02:55:35', '2015-12-24 02:55:35'),
(49, 'CO', 'Colombia ', 1, 1, '2015-12-24 02:55:35', '2015-12-24 02:55:35'),
(50, 'KM', 'Comoros ', 1, 1, '2015-12-24 02:55:35', '2015-12-24 02:55:35'),
(51, 'CG', 'Congo ', 1, 1, '2015-12-24 02:55:35', '2015-12-24 02:55:35'),
(52, 'CD', 'Congo, the Democratic Republic of the ', 1, 1, '2015-12-24 02:55:35', '2015-12-24 02:55:35'),
(53, 'CK', 'Cook Islands ', 1, 1, '2015-12-24 02:55:36', '2015-12-24 02:55:36'),
(54, 'CR', 'Costa Rica ', 1, 1, '2015-12-24 02:55:36', '2015-12-24 02:55:36'),
(55, 'CI', 'Côte d''Ivoire ', 1, 1, '2015-12-24 02:55:36', '2015-12-24 02:55:36'),
(56, 'HR', 'Croatia ', 1, 1, '2015-12-24 02:55:36', '2015-12-24 02:55:36'),
(57, 'CU', 'Cuba ', 1, 1, '2015-12-24 02:55:36', '2015-12-24 02:55:36'),
(58, 'CW', 'Curaçao ', 1, 1, '2015-12-24 02:55:36', '2015-12-24 02:55:36'),
(59, 'CY', 'Cyprus ', 1, 1, '2015-12-24 02:55:36', '2015-12-24 02:55:36'),
(60, 'CZ', 'Czech Republic ', 1, 1, '2015-12-24 02:55:36', '2015-12-24 02:55:36'),
(61, 'DK', 'Denmark ', 1, 1, '2015-12-24 02:55:36', '2015-12-24 02:55:36'),
(62, 'DJ', 'Djibouti ', 1, 1, '2015-12-24 02:55:36', '2015-12-24 02:55:36'),
(63, 'DM', 'Dominica ', 1, 1, '2015-12-24 02:55:36', '2015-12-24 02:55:36'),
(64, 'DO', 'Dominican Republic ', 1, 1, '2015-12-24 02:55:36', '2015-12-24 02:55:36'),
(65, 'EC', 'Ecuador ', 1, 1, '2015-12-24 02:55:36', '2015-12-24 02:55:36'),
(66, 'EG', 'Egypt ', 1, 1, '2015-12-24 02:55:36', '2015-12-24 02:55:36'),
(67, 'SV', 'El Salvador ', 1, 1, '2015-12-24 02:55:36', '2015-12-24 02:55:36'),
(68, 'GQ', 'Equatorial Guinea ', 1, 1, '2015-12-24 02:55:36', '2015-12-24 02:55:36'),
(69, 'ER', 'Eritrea ', 1, 1, '2015-12-24 02:55:36', '2015-12-24 02:55:36'),
(70, 'EE', 'Estonia ', 1, 1, '2015-12-24 02:55:36', '2015-12-24 02:55:36'),
(71, 'ET', 'Ethiopia ', 1, 1, '2015-12-24 02:55:36', '2015-12-24 02:55:36'),
(72, 'FK', 'Falkland Islands (Malvinas) ', 1, 1, '2015-12-24 02:55:36', '2015-12-24 02:55:36'),
(73, 'FO', 'Faroe Islands ', 1, 1, '2015-12-24 02:55:37', '2015-12-24 02:55:37'),
(74, 'FJ', 'Fiji ', 1, 1, '2015-12-24 02:55:37', '2015-12-24 02:55:37'),
(75, 'FI', 'Finland ', 1, 1, '2015-12-24 02:55:37', '2015-12-24 02:55:37'),
(76, 'FR', 'France ', 1, 1, '2015-12-24 02:55:37', '2015-12-24 02:55:37'),
(77, 'GF', 'French Guiana ', 1, 1, '2015-12-24 02:55:37', '2015-12-24 02:55:37'),
(78, 'PF', 'French Polynesia ', 1, 1, '2015-12-24 02:55:37', '2015-12-24 02:55:37'),
(79, 'TF', 'French Southern Territories ', 1, 1, '2015-12-24 02:55:37', '2015-12-24 02:55:37'),
(80, 'GA', 'Gabon ', 1, 1, '2015-12-24 02:55:37', '2015-12-24 02:55:37'),
(81, 'GM', 'Gambia ', 1, 1, '2015-12-24 02:55:37', '2015-12-24 02:55:37'),
(82, 'GE', 'Georgia ', 1, 1, '2015-12-24 02:55:37', '2015-12-24 02:55:37'),
(83, 'DE', 'Germany ', 1, 1, '2015-12-24 02:55:37', '2015-12-24 02:55:37'),
(84, 'GH', 'Ghana ', 1, 1, '2015-12-24 02:55:37', '2015-12-24 02:55:37'),
(85, 'GI', 'Gibraltar ', 1, 1, '2015-12-24 02:55:37', '2015-12-24 02:55:37'),
(86, 'GR', 'Greece ', 1, 1, '2015-12-24 02:55:37', '2015-12-24 02:55:37'),
(87, 'GL', 'Greenland ', 1, 1, '2015-12-24 02:55:37', '2015-12-24 02:55:37'),
(88, 'GD', 'Grenada ', 1, 1, '2015-12-24 02:55:37', '2015-12-24 02:55:37'),
(89, 'GP', 'Guadeloupe ', 1, 1, '2015-12-24 02:55:37', '2015-12-24 02:55:37'),
(90, 'GU', 'Guam ', 1, 1, '2015-12-24 02:55:38', '2015-12-24 02:55:38'),
(91, 'GT', 'Guatemala ', 1, 1, '2015-12-24 02:55:38', '2015-12-24 02:55:38'),
(92, 'GG', 'Guernsey ', 1, 1, '2015-12-24 02:55:38', '2015-12-24 02:55:38'),
(93, 'GN', 'Guinea ', 1, 1, '2015-12-24 02:55:38', '2015-12-24 02:55:38'),
(94, 'GW', 'Guinea-Bissau ', 1, 1, '2015-12-24 02:55:38', '2015-12-24 02:55:38'),
(95, 'GY', 'Guyana ', 1, 1, '2015-12-24 02:55:38', '2015-12-24 02:55:38'),
(96, 'HT', 'Haiti ', 1, 1, '2015-12-24 02:55:38', '2015-12-24 02:55:38'),
(97, 'HM', 'Heard Island and McDonald Islands ', 1, 1, '2015-12-24 02:55:38', '2015-12-24 02:55:38'),
(98, 'VA', 'Holy See (Vatican City State) ', 1, 1, '2015-12-24 02:55:38', '2015-12-24 02:55:38'),
(99, 'HN', 'Honduras ', 1, 1, '2015-12-24 02:55:38', '2015-12-24 02:55:38'),
(100, 'HK', 'Hong Kong ', 1, 1, '2015-12-24 02:55:38', '2015-12-24 02:55:38'),
(101, 'HU', 'Hungary ', 1, 1, '2015-12-24 02:55:38', '2015-12-24 02:55:38'),
(102, 'IS', 'Iceland ', 1, 1, '2015-12-24 02:55:38', '2015-12-24 02:55:38'),
(103, 'IN', 'India ', 1, 1, '2015-12-24 02:55:38', '2015-12-24 02:55:38'),
(104, 'ID', 'Indonesia ', 1, 1, '2015-12-24 02:55:38', '2015-12-24 02:55:38'),
(105, 'IR', 'Iran, Islamic Republic of ', 1, 1, '2015-12-24 02:55:38', '2015-12-24 02:55:38'),
(106, 'IQ', 'Iraq ', 1, 1, '2015-12-24 02:55:38', '2015-12-24 02:55:38'),
(107, 'IE', 'Ireland ', 1, 1, '2015-12-24 02:55:38', '2015-12-24 02:55:38'),
(108, 'IM', 'Isle of Man ', 1, 1, '2015-12-24 02:55:39', '2015-12-24 02:55:39'),
(109, 'IL', 'Israel ', 1, 1, '2015-12-24 02:55:39', '2015-12-24 02:55:39'),
(110, 'IT', 'Italy ', 1, 1, '2015-12-24 02:55:39', '2015-12-24 02:55:39'),
(111, 'JM', 'Jamaica ', 1, 1, '2015-12-24 02:55:39', '2015-12-24 02:55:39'),
(112, 'JP', 'Japan ', 1, 1, '2015-12-24 02:55:39', '2015-12-24 02:55:39'),
(113, 'JE', 'Jersey ', 1, 1, '2015-12-24 02:55:39', '2015-12-24 02:55:39'),
(114, 'JO', 'Jordan ', 1, 1, '2015-12-24 02:55:39', '2015-12-24 02:55:39'),
(115, 'KZ', 'Kazakhstan ', 1, 1, '2015-12-24 02:55:39', '2015-12-24 02:55:39'),
(116, 'KE', 'Kenya ', 1, 1, '2015-12-24 02:55:39', '2015-12-24 02:55:39'),
(117, 'KI', 'Kiribati ', 1, 1, '2015-12-24 02:55:39', '2015-12-24 02:55:39'),
(118, 'KP', 'Korea, Democratic People''s Republic of ', 1, 1, '2015-12-24 02:55:39', '2015-12-24 02:55:39'),
(119, 'KR', 'Korea, Republic of ', 1, 1, '2015-12-24 02:55:39', '2015-12-24 02:55:39'),
(120, 'KW', 'Kuwait ', 1, 1, '2015-12-24 02:55:39', '2015-12-24 02:55:39'),
(121, 'KG', 'Kyrgyzstan ', 1, 1, '2015-12-24 02:55:39', '2015-12-24 02:55:39'),
(122, 'LA', 'Lao People''s Democratic Republic ', 1, 1, '2015-12-24 02:55:39', '2015-12-24 02:55:39'),
(123, 'LV', 'Latvia ', 1, 1, '2015-12-24 02:55:39', '2015-12-24 02:55:39'),
(124, 'LB', 'Lebanon ', 1, 1, '2015-12-24 02:55:39', '2015-12-24 02:55:39'),
(125, 'LS', 'Lesotho ', 1, 1, '2015-12-24 02:55:39', '2015-12-24 02:55:39'),
(126, 'LR', 'Liberia ', 1, 1, '2015-12-24 02:55:39', '2015-12-24 02:55:39'),
(127, 'LY', 'Libya ', 1, 1, '2015-12-24 02:55:39', '2015-12-24 02:55:39'),
(128, 'LI', 'Liechtenstein ', 1, 1, '2015-12-24 02:55:40', '2015-12-24 02:55:40'),
(129, 'LT', 'Lithuania ', 1, 1, '2015-12-24 02:55:40', '2015-12-24 02:55:40'),
(130, 'LU', 'Luxembourg ', 1, 1, '2015-12-24 02:55:40', '2015-12-24 02:55:40'),
(131, 'MO', 'Macao ', 1, 1, '2015-12-24 02:55:40', '2015-12-24 02:55:40'),
(132, 'MK', 'Macedonia, the former Yugoslav Republic of ', 1, 1, '2015-12-24 02:55:40', '2015-12-24 02:55:40'),
(133, 'MG', 'Madagascar ', 1, 1, '2015-12-24 02:55:40', '2015-12-24 02:55:40'),
(134, 'MW', 'Malawi ', 1, 1, '2015-12-24 02:55:40', '2015-12-24 02:55:40'),
(135, 'MY', 'Malaysia ', 1, 1, '2015-12-24 02:55:40', '2015-12-24 02:55:40'),
(136, 'MV', 'Maldives ', 1, 1, '2015-12-24 02:55:40', '2015-12-24 02:55:40'),
(137, 'ML', 'Mali ', 1, 1, '2015-12-24 02:55:40', '2015-12-24 02:55:40'),
(138, 'MT', 'Malta ', 1, 1, '2015-12-24 02:55:40', '2015-12-24 02:55:40'),
(139, 'MH', 'Marshall Islands ', 1, 1, '2015-12-24 02:55:40', '2015-12-24 02:55:40'),
(140, 'MQ', 'Martinique ', 1, 1, '2015-12-24 02:55:40', '2015-12-24 02:55:40'),
(141, 'MR', 'Mauritania ', 1, 1, '2015-12-24 02:55:40', '2015-12-24 02:55:40'),
(142, 'MU', 'Mauritius ', 1, 1, '2015-12-24 02:55:40', '2015-12-24 02:55:40'),
(143, 'YT', 'Mayotte ', 1, 1, '2015-12-24 02:55:40', '2015-12-24 02:55:40'),
(144, 'MX', 'Mexico ', 1, 1, '2015-12-24 02:55:40', '2015-12-24 02:55:40'),
(145, 'FM', 'Micronesia, Federated States of ', 1, 1, '2015-12-24 02:55:40', '2015-12-24 02:55:40'),
(146, 'MD', 'Moldova, Republic of ', 1, 1, '2015-12-24 02:55:40', '2015-12-24 02:55:40'),
(147, 'MC', 'Monaco ', 1, 1, '2015-12-24 02:55:40', '2015-12-24 02:55:40'),
(148, 'MN', 'Mongolia ', 1, 1, '2015-12-24 02:55:41', '2015-12-24 02:55:41'),
(149, 'ME', 'Montenegro ', 1, 1, '2015-12-24 02:55:41', '2015-12-24 02:55:41'),
(150, 'MS', 'Montserrat ', 1, 1, '2015-12-24 02:55:41', '2015-12-24 02:55:41'),
(151, 'MA', 'Morocco ', 1, 1, '2015-12-24 02:55:41', '2015-12-24 02:55:41'),
(152, 'MZ', 'Mozambique ', 1, 1, '2015-12-24 02:55:41', '2015-12-24 02:55:41'),
(153, 'MM', 'Myanmar ', 1, 1, '2015-12-24 02:55:41', '2015-12-24 02:55:41'),
(154, 'NA', 'Namibia ', 1, 1, '2015-12-24 02:55:41', '2015-12-24 02:55:41'),
(155, 'NR', 'Nauru ', 1, 1, '2015-12-24 02:55:41', '2015-12-24 02:55:41'),
(156, 'NP', 'Nepal ', 1, 1, '2015-12-24 02:55:41', '2015-12-24 02:55:41'),
(157, 'NL', 'Netherlands ', 1, 1, '2015-12-24 02:55:41', '2015-12-24 02:55:41'),
(158, 'NC', 'New Caledonia ', 1, 1, '2015-12-24 02:55:41', '2015-12-24 02:55:41'),
(159, 'NZ', 'New Zealand ', 1, 1, '2015-12-24 02:55:41', '2015-12-24 02:55:41'),
(160, 'NI', 'Nicaragua ', 1, 1, '2015-12-24 02:55:41', '2015-12-24 02:55:41'),
(161, 'NE', 'Niger ', 1, 1, '2015-12-24 02:55:41', '2015-12-24 02:55:41'),
(162, 'NG', 'Nigeria ', 1, 1, '2015-12-24 02:55:41', '2015-12-24 02:55:41'),
(163, 'NU', 'Niue ', 1, 1, '2015-12-24 02:55:41', '2015-12-24 02:55:41'),
(164, 'NF', 'Norfolk Island ', 1, 1, '2015-12-24 02:55:41', '2015-12-24 02:55:41'),
(165, 'MP', 'Northern Mariana Islands ', 1, 1, '2015-12-24 02:55:41', '2015-12-24 02:55:41'),
(166, 'NO', 'Norway ', 1, 1, '2015-12-24 02:55:41', '2015-12-24 02:55:41'),
(167, 'OM', 'Oman ', 1, 1, '2015-12-24 02:55:42', '2015-12-24 02:55:42'),
(168, 'PK', 'Pakistan ', 1, 1, '2015-12-24 02:55:42', '2015-12-24 02:55:42'),
(169, 'PW', 'Palau ', 1, 1, '2015-12-24 02:55:42', '2015-12-24 02:55:42'),
(170, 'PS', 'Palestinian Territory, Occupied ', 1, 1, '2015-12-24 02:55:42', '2015-12-24 02:55:42'),
(171, 'PA', 'Panama ', 1, 1, '2015-12-24 02:55:42', '2015-12-24 02:55:42'),
(172, 'PG', 'Papua New Guinea ', 1, 1, '2015-12-24 02:55:42', '2015-12-24 02:55:42'),
(173, 'PY', 'Paraguay ', 1, 1, '2015-12-24 02:55:42', '2015-12-24 02:55:42'),
(174, 'PE', 'Peru ', 1, 1, '2015-12-24 02:55:42', '2015-12-24 02:55:42'),
(175, 'PH', 'Philippines ', 1, 1, '2015-12-24 02:55:42', '2015-12-24 02:55:42'),
(176, 'PN', 'Pitcairn ', 1, 1, '2015-12-24 02:55:42', '2015-12-24 02:55:42'),
(177, 'PL', 'Poland ', 1, 1, '2015-12-24 02:55:42', '2015-12-24 02:55:42'),
(178, 'PT', 'Portugal ', 1, 1, '2015-12-24 02:55:42', '2015-12-24 02:55:42'),
(179, 'PR', 'Puerto Rico ', 1, 1, '2015-12-24 02:55:42', '2015-12-24 02:55:42'),
(180, 'QA', 'Qatar ', 1, 1, '2015-12-24 02:55:42', '2015-12-24 02:55:42'),
(181, 'RE', 'Réunion ', 1, 1, '2015-12-24 02:55:42', '2015-12-24 02:55:42'),
(182, 'RO', 'Romania ', 1, 1, '2015-12-24 02:55:42', '2015-12-24 02:55:42'),
(183, 'RU', 'Russian Federation ', 1, 1, '2015-12-24 02:55:42', '2015-12-24 02:55:42'),
(184, 'RW', 'Rwanda ', 1, 1, '2015-12-24 02:55:42', '2015-12-24 02:55:42'),
(185, 'BL', 'Saint Barthélemy ', 1, 1, '2015-12-24 02:55:42', '2015-12-24 02:55:42'),
(186, 'SH', 'Saint Helena, Ascension and Tristan da Cunha ', 1, 1, '2015-12-24 02:55:43', '2015-12-24 02:55:43'),
(187, 'KN', 'Saint Kitts and Nevis ', 1, 1, '2015-12-24 02:55:43', '2015-12-24 02:55:43'),
(188, 'LC', 'Saint Lucia ', 1, 1, '2015-12-24 02:55:43', '2015-12-24 02:55:43'),
(189, 'MF', 'Saint Martin (French part) ', 1, 1, '2015-12-24 02:55:43', '2015-12-24 02:55:43'),
(190, 'PM', 'Saint Pierre and Miquelon ', 1, 1, '2015-12-24 02:55:43', '2015-12-24 02:55:43'),
(191, 'VC', 'Saint Vincent and the Grenadines ', 1, 1, '2015-12-24 02:55:43', '2015-12-24 02:55:43'),
(192, 'WS', 'Samoa ', 1, 1, '2015-12-24 02:55:43', '2015-12-24 02:55:43'),
(193, 'SM', 'San Marino ', 1, 1, '2015-12-24 02:55:43', '2015-12-24 02:55:43'),
(194, 'ST', 'Sao Tome and Principe ', 1, 1, '2015-12-24 02:55:43', '2015-12-24 02:55:43'),
(195, 'SA', 'Saudi Arabia ', 1, 1, '2015-12-24 02:55:43', '2015-12-24 02:55:43'),
(196, 'SN', 'Senegal ', 1, 1, '2015-12-24 02:55:43', '2015-12-24 02:55:43'),
(197, 'RS', 'Serbia ', 1, 1, '2015-12-24 02:55:43', '2015-12-24 02:55:43'),
(198, 'SC', 'Seychelles ', 1, 1, '2015-12-24 02:55:43', '2015-12-24 02:55:43'),
(199, 'SL', 'Sierra Leone ', 1, 1, '2015-12-24 02:55:44', '2015-12-24 02:55:44'),
(200, 'SG', 'Singapore ', 1, 1, '2015-12-24 02:55:44', '2015-12-24 02:55:44'),
(201, 'SX', 'Sint Maarten (Dutch part) ', 1, 1, '2015-12-24 02:55:44', '2015-12-24 02:55:44'),
(202, 'SK', 'Slovakia ', 1, 1, '2015-12-24 02:55:44', '2015-12-24 02:55:44'),
(203, 'SI', 'Slovenia ', 1, 1, '2015-12-24 02:55:44', '2015-12-24 02:55:44'),
(204, 'SB', 'Solomon Islands ', 1, 1, '2015-12-24 02:55:44', '2015-12-24 02:55:44'),
(205, 'SO', 'Somalia ', 1, 1, '2015-12-24 02:55:44', '2015-12-24 02:55:44'),
(206, 'ZA', 'South Africa ', 1, 1, '2015-12-24 02:55:44', '2015-12-24 02:55:44'),
(207, 'GS', 'South Georgia and the South Sandwich Islands ', 1, 1, '2015-12-24 02:55:44', '2015-12-24 02:55:44'),
(208, 'SS', 'South Sudan ', 1, 1, '2015-12-24 02:55:44', '2015-12-24 02:55:44'),
(209, 'ES', 'Spain ', 1, 1, '2015-12-24 02:55:44', '2015-12-24 02:55:44'),
(210, 'LK', 'Sri Lanka ', 1, 1, '2015-12-24 02:55:44', '2015-12-24 02:55:44'),
(211, 'SD', 'Sudan ', 1, 1, '2015-12-24 02:55:44', '2015-12-24 02:55:44'),
(212, 'SR', 'Suriname ', 1, 1, '2015-12-24 02:55:44', '2015-12-24 02:55:44'),
(213, 'SJ', 'Svalbard and Jan Mayen ', 1, 1, '2015-12-24 02:55:44', '2015-12-24 02:55:44'),
(214, 'SZ', 'Swaziland ', 1, 1, '2015-12-24 02:55:45', '2015-12-24 02:55:45'),
(215, 'SE', 'Sweden ', 1, 1, '2015-12-24 02:55:45', '2015-12-24 02:55:45'),
(216, 'CH', 'Switzerland ', 1, 1, '2015-12-24 02:55:45', '2015-12-24 02:55:45'),
(217, 'SY', 'Syrian Arab Republic ', 1, 1, '2015-12-24 02:55:45', '2015-12-24 02:55:45'),
(218, 'TW', 'Taiwan, Province of China ', 1, 1, '2015-12-24 02:55:45', '2015-12-24 02:55:45'),
(219, 'TJ', 'Tajikistan ', 1, 1, '2015-12-24 02:55:45', '2015-12-24 02:55:45'),
(220, 'TZ', 'Tanzania, United Republic of ', 1, 1, '2015-12-24 02:55:45', '2015-12-24 02:55:45'),
(221, 'TH', 'Thailand ', 1, 1, '2015-12-24 02:55:45', '2015-12-24 02:55:45'),
(222, 'TL', 'Timor-Leste ', 1, 1, '2015-12-24 02:55:45', '2015-12-24 02:55:45'),
(223, 'TG', 'Togo ', 1, 1, '2015-12-24 02:55:45', '2015-12-24 02:55:45'),
(224, 'TK', 'Tokelau ', 1, 1, '2015-12-24 02:55:45', '2015-12-24 02:55:45'),
(225, 'TO', 'Tonga ', 1, 1, '2015-12-24 02:55:45', '2015-12-24 02:55:45'),
(226, 'TT', 'Trinidad and Tobago ', 1, 1, '2015-12-24 02:55:45', '2015-12-24 02:55:45'),
(227, 'TN', 'Tunisia ', 1, 1, '2015-12-24 02:55:45', '2015-12-24 02:55:45'),
(228, 'TR', 'Turkey ', 1, 1, '2015-12-24 02:55:45', '2015-12-24 02:55:45'),
(229, 'TM', 'Turkmenistan ', 1, 1, '2015-12-24 02:55:45', '2015-12-24 02:55:45'),
(230, 'TC', 'Turks and Caicos Islands ', 1, 1, '2015-12-24 02:55:45', '2015-12-24 02:55:45'),
(231, 'TV', 'Tuvalu ', 1, 1, '2015-12-24 02:55:45', '2015-12-24 02:55:45'),
(232, 'UG', 'Uganda ', 1, 1, '2015-12-24 02:55:45', '2015-12-24 02:55:45'),
(233, 'UA', 'Ukraine ', 1, 1, '2015-12-24 02:55:45', '2015-12-24 02:55:45'),
(234, 'AE', 'United Arab Emirates ', 1, 1, '2015-12-24 02:55:46', '2015-12-24 02:55:46'),
(235, 'GB', 'United Kingdom ', 1, 1, '2015-12-24 02:55:46', '2015-12-24 02:55:46'),
(236, 'US', 'United States ', 1, 1, '2015-12-24 02:55:46', '2015-12-24 02:55:46'),
(237, 'UM', 'United States Minor Outlying Islands ', 1, 1, '2015-12-24 02:55:46', '2015-12-24 02:55:46'),
(238, 'UY', 'Uruguay ', 1, 1, '2015-12-24 02:55:46', '2015-12-24 02:55:46'),
(239, 'UZ', 'Uzbekistan ', 1, 1, '2015-12-24 02:55:46', '2015-12-24 02:55:46'),
(240, 'VU', 'Vanuatu ', 1, 1, '2015-12-24 02:55:46', '2015-12-24 02:55:46'),
(241, 'VE', 'Venezuela, Bolivarian Republic of ', 1, 1, '2015-12-24 02:55:46', '2015-12-24 02:55:46'),
(242, 'VN', 'Viet Nam ', 1, 1, '2015-12-24 02:55:46', '2015-12-24 02:55:46'),
(243, 'VG', 'Virgin Islands, British ', 1, 1, '2015-12-24 02:55:46', '2015-12-24 02:55:46'),
(244, 'VI', 'Virgin Islands, U.S. ', 1, 1, '2015-12-24 02:55:46', '2015-12-24 02:55:46'),
(245, 'WF', 'Wallis and Futuna ', 1, 1, '2015-12-24 02:55:46', '2015-12-24 02:55:46'),
(246, 'EH', 'Western Sahara ', 1, 1, '2015-12-24 02:55:46', '2015-12-24 02:55:46'),
(247, 'YE', 'Yemen ', 1, 1, '2015-12-24 02:55:46', '2015-12-24 02:55:46'),
(248, 'ZM', 'Zambia ', 1, 1, '2015-12-24 02:55:46', '2015-12-24 02:55:46'),
(249, 'ZW', 'Zimbabwe ', 1, 1, '2015-12-24 02:55:46', '2015-12-24 02:55:46');

--
-- Dumping data for table `gal_image`
--

INSERT INTO `gal_image` (`id`, `cat_gallery_id`, `name`, `image`, `thumbnail`, `status`, `slug`, `created_by`, `updated_by`, `created_at`, `updated_at`) VALUES
(1, 6, 'Clipping Path', 'uploads/gallery_image/269clippingpath1.jpg', 'uploads/gallery_image/thumb_400x400_278_clippingpath1.jpg', 'active', 'clipping-path-1', 0, 0, '2015-12-29 04:05:06', '2015-12-29 04:05:06'),
(2, 6, 'Clipping Path', 'uploads/gallery_image/283clippingpath2.jpg', 'uploads/gallery_image/thumb_400x400_377_clippingpath2.jpg', 'active', 'clipping-path-2', 0, 0, '2015-12-29 04:06:05', '2015-12-29 04:06:05'),
(3, 6, 'Clipping Path', 'uploads/gallery_image/968clippingpath3.jpg', 'uploads/gallery_image/thumb_400x400_500_clippingpath3.jpg', 'active', 'clipping-path-3', 0, 0, '2015-12-29 04:06:26', '2015-12-29 04:06:26'),
(4, 6, 'Clipping Path', 'uploads/gallery_image/603clippingpath4.jpg', 'uploads/gallery_image/thumb_400x400_424_clippingpath4.jpg', 'active', 'clipping-path-4', 0, 0, '2015-12-29 04:06:54', '2015-12-29 04:06:54'),
(5, 6, 'Clipping Path', 'uploads/gallery_image/188clippingpath5.jpg', 'uploads/gallery_image/thumb_400x400_407_clippingpath5.jpg', 'active', 'clipping-path-5', 0, 0, '2015-12-29 04:07:04', '2015-12-29 04:07:04'),
(6, 7, 'Color Correction', 'uploads/gallery_image/673colorcorrection1.jpg', 'uploads/gallery_image/thumb_400x400_665_colorcorrection1.jpg', 'active', 'color-correction-1', 0, 0, '2015-12-29 04:08:13', '2015-12-29 04:08:13'),
(7, 7, 'Color Correction', 'uploads/gallery_image/226colorcorrection2.jpg', 'uploads/gallery_image/thumb_400x400_212_colorcorrection2.jpg', 'active', 'color-correction-2', 0, 0, '2015-12-29 04:08:27', '2015-12-29 04:08:27'),
(8, 7, 'Color Correction', 'uploads/gallery_image/381colorcorrection3.jpg', 'uploads/gallery_image/thumb_400x400_790_colorcorrection3.jpg', 'active', 'color-correction-3', 0, 0, '2015-12-29 04:08:40', '2015-12-29 04:08:40'),
(9, 8, 'Desktop Publishing', 'uploads/gallery_image/713desktoppublishig2.jpg', 'uploads/gallery_image/thumb_400x400_869_desktoppublishig2.jpg', 'active', 'desktop-publishing-1', 0, 0, '2015-12-29 04:08:57', '2015-12-29 04:08:57'),
(10, 8, 'Desktop Publishing', 'uploads/gallery_image/276desktoppublishing1.jpg', 'uploads/gallery_image/thumb_400x400_834_desktoppublishing1.jpg', 'active', 'desktop-publishing-2', 0, 0, '2015-12-29 04:09:10', '2015-12-29 04:09:10'),
(11, 9, 'Glamour Enhencement', 'uploads/gallery_image/188glamourenhencement.jpg', 'uploads/gallery_image/thumb_400x400_311_glamourenhencement.jpg', 'active', 'glamour-enhencement-1', 0, 0, '2015-12-29 04:09:32', '2015-12-29 04:09:32'),
(12, 10, 'Hair Masking', 'uploads/gallery_image/420hairmasking1.jpg', 'uploads/gallery_image/thumb_400x400_952_hairmasking1.jpg', 'active', 'hair-masking-1', 0, 0, '2015-12-29 04:09:49', '2015-12-29 04:09:49'),
(13, 11, 'Image Manipulation', 'uploads/gallery_image/301imagemanipulation1.jpg', 'uploads/gallery_image/thumb_400x400_346_imagemanipulation1.jpg', 'active', 'image-manipulation-1', 0, 0, '2015-12-29 04:10:22', '2015-12-29 04:10:22'),
(14, 11, 'Image Manipulation', 'uploads/gallery_image/577image manipulation2.jpg', 'uploads/gallery_image/thumb_400x400_854_image manipulation2.jpg', 'active', 'image-manipulation-2', 0, 0, '2015-12-29 04:10:33', '2015-12-29 04:10:33'),
(15, 12, 'Shadow', 'uploads/gallery_image/222shadow1.jpg', 'uploads/gallery_image/thumb_400x400_965_shadow1.jpg', 'active', 'shadow-1', 0, 0, '2015-12-29 04:10:47', '2015-12-29 04:10:47'),
(16, 12, 'Shadow', 'uploads/gallery_image/308shadow2.jpg', 'uploads/gallery_image/thumb_400x400_241_shadow2.jpg', 'active', 'shadow-2', 0, 0, '2015-12-29 04:11:06', '2015-12-29 04:11:06'),
(17, 12, 'Shadow', 'uploads/gallery_image/711shadow3.jpg', 'uploads/gallery_image/thumb_400x400_727_shadow3.jpg', 'active', 'shadow-3', 0, 0, '2015-12-29 04:11:14', '2015-12-29 04:11:14'),
(18, 12, 'Shadow', 'uploads/gallery_image/567shadow4.jpg', 'uploads/gallery_image/thumb_400x400_511_shadow4.jpg', 'active', 'shadow-4', 0, 0, '2015-12-29 04:11:24', '2015-12-29 04:11:24'),
(19, 12, 'Shadow', 'uploads/gallery_image/329shadow5.jpg', 'uploads/gallery_image/thumb_400x400_839_shadow5.jpg', 'active', 'shadow-5', 0, 0, '2015-12-29 04:11:34', '2015-12-29 04:11:34'),
(20, 12, 'Shadow', 'uploads/gallery_image/828shadow6.jpg', 'uploads/gallery_image/thumb_400x400_280_shadow6.jpg', 'active', 'shadow-6', 0, 0, '2015-12-29 04:11:42', '2015-12-29 04:11:42');

--
-- Dumping data for table `menu`
--

INSERT INTO `menu` (`id`, `menu_type_id`, `name`, `slug`, `alias`, `url`, `type`, `status`, `parent`, `ext_name`, `order`, `desc`, `created_by`, `updated_by`, `created_at`, `updated_at`) VALUES
(1, 1, 'Home', 'home', 'home', './', 'url', 'active', 0, 'skill', 1, NULL, 0, 0, '2015-12-24 00:35:14', '2015-12-24 01:37:58'),
(2, 1, 'About Us', 'about-us', 'About Us', 'about-us', 'url', 'active', 0, 'skill', 2, NULL, 0, 0, '2015-12-24 00:35:49', '2015-12-24 01:27:22'),
(3, 1, 'Services', 'services', 'Services', './', 'url', 'active', 0, 'skill', 3, NULL, 0, 0, '2015-12-24 00:36:21', '2015-12-24 02:05:55'),
(4, 1, 'How It works', 'how-it-works', 'How It works', 'how-it-works', 'url', 'active', 0, 'skill', 4, NULL, 0, 0, '2015-12-24 00:37:03', '2015-12-24 00:40:16'),
(5, 1, 'Free Trail', 'free-trail', 'Free Trail', 'free-trial', 'url', 'active', 0, 'skill', 6, NULL, 0, 0, '2015-12-24 00:37:54', '2015-12-24 02:04:31'),
(6, 1, 'Contact', 'contact-us', 'Contact', 'contact-us', 'url', 'active', 0, 'skill', 7, NULL, 0, 0, '2015-12-24 00:38:15', '2015-12-24 02:04:02'),
(7, 1, 'Photoshop Clipping Path', 'photoshop-clipping-path', 'Photoshop Clipping Path', 'photoshop-clipping-path', 'url', 'active', 3, 'skill', 1, NULL, 0, 0, '2015-12-24 00:41:50', '2015-12-24 00:41:50'),
(8, 1, 'Image Masking', 'image-masking', 'Image Masking', 'image-masking', 'url', 'active', 3, 'skill', 2, NULL, 0, 0, '2015-12-24 00:42:26', '2015-12-24 00:42:26'),
(9, 1, 'Color separation / Correction', 'color-separation-correction', 'Color separation / Correction', 'color-separation-correction', 'url', 'active', 3, 'article', 3, NULL, 0, 0, '2015-12-24 00:44:21', '2015-12-24 00:55:55'),
(10, 1, 'Photo Retouching', 'photo-retouching', 'Photo Retouching', 'photo-retouching', 'url', 'active', 3, 'skill', 4, NULL, 0, 0, '2015-12-24 00:44:59', '2015-12-24 02:05:09'),
(11, 1, 'Image Manipulation', 'image-manipulation', 'Image Manipulation', 'image-manipulation', 'url', 'active', 3, 'skill', 5, NULL, 0, 0, '2015-12-24 00:45:39', '2015-12-24 02:03:50'),
(12, 1, 'Shadow and Reflection Creation', 'shadow-and-reflection-creation', 'Shadow and Reflection Creation', 'shadow-and-reflection-creation', 'url', 'active', 3, 'skill', 6, NULL, 0, 0, '2015-12-24 00:46:03', '2015-12-24 02:06:17'),
(13, 1, 'E-commerce Image optimization', 'e-commerce-image-optimization', 'E-commerce Image optimization', 'e-commerce-image-optimization', 'url', 'active', 3, 'skill', 7, NULL, 0, 0, '2015-12-24 00:46:36', '2015-12-24 02:04:21'),
(14, 2, 'Home', 'home', 'home', './', 'url', 'active', 0, 'article', 1, NULL, 0, 0, '2015-12-24 01:25:55', '2015-12-24 01:58:22'),
(15, 2, 'How It works', 'how-it-works', 'How It works', 'how-it-works', 'url', 'active', 0, 'skill', 3, NULL, 0, 0, '2015-12-24 01:28:38', '2015-12-24 01:28:38'),
(16, 2, 'Free Trail', 'free-trail', 'Free Trail', 'free-trial', 'url', 'active', 0, 'article', 5, NULL, 0, 0, '2015-12-24 01:29:42', '2015-12-24 01:29:42'),
(17, 2, 'Contact', 'contact', 'Contact', 'contact-us', 'url', 'active', 0, 'article', 6, NULL, 0, 0, '2015-12-24 01:30:07', '2015-12-24 01:30:07'),
(18, 1, 'Our Works', 'our-works', 'Our Works', 'our-works', 'url', 'active', 0, 'article', 5, NULL, 0, 0, '2015-12-24 01:33:25', '2015-12-24 01:33:25'),
(19, 2, 'Our Works', 'our-works', 'Our Works', 'our-works', 'url', 'active', 0, 'article', 4, NULL, 0, 0, '2015-12-24 01:33:41', '2015-12-24 01:33:41'),
(20, 2, 'About Us', 'about-us', 'About Us', 'about-us', 'url', 'active', 0, 'skill', 2, NULL, 0, 0, '2015-12-24 02:00:05', '2015-12-24 02:00:16');

--
-- Dumping data for table `menu_type`
--

INSERT INTO `menu_type` (`id`, `title`, `slug`, `type`, `desc`, `created_by`, `updated_by`, `created_at`, `updated_at`) VALUES
(1, 'Top', 'top', 'top', 'Main Menu', 1, 1, '2015-12-24 02:56:36', '2015-12-24 02:56:36'),
(2, 'Footer', 'footer', 'footer', 'Footer Menu', 1, 1, '2015-12-24 02:56:36', '2015-12-24 02:56:36');

--
-- Dumping data for table `migrations`
--

INSERT INTO `migrations` (`migration`, `batch`) VALUES
('2014_10_12_000000_create_users_table', 1),
('2014_10_12_100000_create_password_resets_table', 1),
('2015_10_13_071204_create_country_table', 1),
('2015_10_13_085319_create_user_table', 1),
('2015_10_18_114322_create_user_reset_password_table', 1),
('2015_10_28_164029_create_central_settings_table', 1),
('2015_11_24_164202_create_crud_table', 1),
('2015_12_02_121303_create_testimonial_table', 1),
('2015_12_02_134415_create_cat_slider_table', 1),
('2015_12_02_140308_create_cat_gallery_table', 1),
('2015_12_02_144731_create_gal_image_table', 1),
('2015_12_02_145100_create_slider_image_table', 1),
('2015_12_02_165638_create_article_table', 1),
('2015_12_03_134653_create_menu_table', 1),
('2015_12_03_140939_create_menu_type_table', 1),
('2015_12_06_122601_create_media_table', 1),
('2015_12_07_093928_create_widget_table', 1),
('2015_12_08_103821_create_widget_menu_table', 1),
('2015_12_21_110402_create_team_table', 1),
('2015_12_21_142232_create_skills_table', 1),
('2015_12_21_154813_create_social_icon_table', 1),
('2015_12_21_161752_create_blog_cat_table', 1),
('2015_12_21_165040_create_blog_item_table', 1),
('2015_12_21_171616_create_blog_comment_table', 1),
('2015_12_24_150619_create_dump_sql_table', 1);

--
-- Dumping data for table `user`
--

INSERT INTO `user` (`id`, `first_name`, `last_name`, `email`, `password`, `address`, `phone_number`, `state`, `country_id`, `image`, `type`, `status`, `remember_token`, `created_at`, `updated_at`) VALUES
(1, 'admin', 'admin', 'admin@admin.com', '$2y$10$YqJPCkLk81tDaHCVo0lc6e5J9AnR.Xmzkdsdi4uvdZV1M.PTMgHlu', 'Dhaka', '01785987645', 'Dhaka', 19, NULL, 'admin', 'active', 'fioyugpuiesiorgjhprauehrigpi', '2015-12-24 02:55:47', '2015-12-24 02:55:47'),
(2, 'admin', 'admin', 'almasbd@gmail.com', '$2y$10$J1uaZkQoh9PvvY08beAGceWLgjXWsMpysJgCdWI8RQk744aP7TTEW', 'Dhaka', '01785987645', 'Dhaka', 19, NULL, 'admin', 'active', 'fioyugpuiesiorgjhprauehrigpi', '2015-12-24 02:55:47', '2015-12-24 02:55:47'),
(3, 'admin', 'admin', 'tanintjt@gmail.com', '$2y$10$EnoS2cbt.MlZresFSNczaO.tlqTUP/uZnfuz6G7YVr2ifGcSdoXPe', 'Dhaka', '01785987645', 'Dhaka', 19, NULL, 'admin', 'active', 'fioyugpuiesiorgjhprauehrigpi', '2015-12-24 02:55:47', '2015-12-24 02:55:47');

--
-- Dumping data for table `widget`
--

INSERT INTO `widget` (`id`, `title`, `slug`, `content`, `order`, `position`, `status`, `widget_name`, `showtitle`, `created_by`, `updated_by`, `created_at`, `updated_at`) VALUES
(1, 'Footer one', 'footer-one', '<div> <i class="icon-map-marker" style="font-size:25px; "></i>\r\n                    <h4 class="section-title box">  Location</h4>\r\n                </div>\r\n                <div>\r\n                    <img src="etsb/web_assets/slider_assets/img/location_footer.jpg" style="height: 220px; width: 400px;" alt="bzm graphics location map" title="bzm graphics location map">\r\n                </div>\r\n', 1, 'footer_one', 'active', 'Article', 'no', 0, 0, '2015-12-23 17:30:34', '2015-12-23 17:54:02'),
(2, 'Footer Two', 'footer-two', '<h5 class="section-title box"> Connect with  </h5>\r\n                <p>BZM Graphics </p>\r\n                <div class="social-icons">\r\n                    <a href="https://twitter.com/BZMGraphics" class="social-icon" target="_blank"><i class="fa fa-twitter has-circle" data-toggle="tooltip" data-placement="top" title="" data-original-title="Twitter"></i></a>\r\n                    <a href="https://www.facebook.com/pages/bZm-Graphics/157687504299957" class="social-icon" target="_blank"><i class="fa fa-facebook has-circle" data-toggle="tooltip" data-placement="top" title="" data-original-title="Facebook"></i></a>\r\n                    <a href="https://plus.google.com/u/0/b/102881161542509581883/+Bzmgraphics_bd/posts" class="social-icon" target="_blank"><i class="fa fa-google-plus has-circle" data-toggle="tooltip" data-placement="top" title="" data-original-title="GooglePlus"></i></a>\r\n<a href="https://www.linkedin.com/company/bzm-graphics?trk=company_logo" class="social-icon" target="_blank"><i class="fa fa-linkedin has-circle" data-toggle="tooltip" data-placement="top" title="" data-original-title="LinkedIn"></i></a>\r\n<a href="skype:bzmgraphics?call" class="social-icon" target="_blank"><i class="fa fa-skype has-circle" data-toggle="tooltip" data-placement="top" title="" data-original-title="Skype"></i></a>\r\n<a href="https://www.pinterest.com/bzmgraphics/pins/" class="social-icon" target="_blank"><i class="fa fa-pinterest has-circle" data-toggle="tooltip" data-placement="top" title="" data-original-title="pinterest"></i></a>\r\n                </div>', 2, 'footer_two', 'active', 'Article', 'yes', 0, 0, '2015-12-23 17:50:56', '2015-12-23 18:10:44'),
(3, 'Footer Three', 'footer-three', '<h5 class="section-title box">Useful Links</h5>               \r\n<ul class="arrow useful-links">\r\n                    <li><a href="photoshop-clipping-path">Photoshop Clipping Path</a></li>\r\n                    <li><a href="image-masking">Image Masking</a></li>\r\n<li><a href="color-separation-correction">Color separation / Correction</a></li>\r\n <li><a href="photo-retouching">Photo Retouching</a></li>\r\n <li><a href="image-manipulation">Image Manipulation</a></li>\r\n<li><a href="shadow-and-reflection-creation">Shadow and Reflection Creation</a></li>\r\n<li><a href="e-commerce-image-optimization">E-commerce Image optimization</a></li>\r\n</ul>''', 3, 'footer_three', 'active', 'Article', 'yes', 0, 0, '2015-12-23 17:52:55', '2015-12-30 08:24:03'),
(4, 'Footer Four', 'footer-four', '<h4 class="section-title box">Write to us</h4><form role="form" action="ajax-send-message" method="post" class="form-wrapper" enctype="multipart/form-data" id="footer-write-to-us">\r\n<input class="form-control" type="text" required placeholder="your name (required)" name="footer-name" id="footer-id-name">  \r\n<input class="form-control" type="email" required placeholder="your email (required)" name="footer-email" id="footer-id-email">\r\n<input class="form-control" type="text" required placeholder="your phone (required)" name="footer-phone" id="footer-id-phone"> \r\n<textarea class="form-control" required placeholder="your message" name="footer-message" rows="2" id="footer-id-message" ></textarea>   \r\n<button type="submit" class="btn btn-md style1 contact-submit-button">Submit</button>\r\n<div style="display: none" id="footer-loader-gif">\r\n    <img src="etsb/img/loader/loading_spinner.gif" width="20px" /> sending ... </div>\r\n </form> \r\n<div style="display: none" id="footer-success-messagessss" >\r\n   <b style="color: darkgreen">Thanks for submitting your query. We will get back to you soon!</b>\r\n</div>', 4, 'footer_four', 'active', 'Article', 'yes', 0, 0, '2015-12-23 17:53:31', '2015-12-30 11:59:03');

--
-- Dumping data for table `widget_menu`
--

INSERT INTO `widget_menu` (`id`, `widget_id`, `menu_id`, `created_by`, `updated_by`, `created_at`, `updated_at`) VALUES
(3, 1, 1, 0, 0, '2015-12-23 17:54:02', '2015-12-23 17:54:02'),
(4, 1, 2, 0, 0, '2015-12-23 17:54:02', '2015-12-23 17:54:02'),
(5, 3, 1, 0, 0, '2015-12-23 17:59:16', '2015-12-23 17:59:16'),
(6, 3, 2, 0, 0, '2015-12-23 17:59:16', '2015-12-23 17:59:16'),
(9, 2, 1, 0, 0, '2015-12-29 12:47:22', '2015-12-29 12:47:22'),
(10, 2, 2, 0, 0, '2015-12-29 12:47:22', '2015-12-29 12:47:22'),
(11, 2, 3, 0, 0, '2015-12-29 12:47:22', '2015-12-29 12:47:22'),
(12, 2, 7, 0, 0, '2015-12-29 12:47:22', '2015-12-29 12:47:22'),
(13, 2, 8, 0, 0, '2015-12-29 12:47:22', '2015-12-29 12:47:22'),
(14, 2, 9, 0, 0, '2015-12-29 12:47:22', '2015-12-29 12:47:22'),
(15, 2, 10, 0, 0, '2015-12-29 12:47:22', '2015-12-29 12:47:22'),
(16, 2, 11, 0, 0, '2015-12-29 12:47:22', '2015-12-29 12:47:22'),
(17, 2, 12, 0, 0, '2015-12-29 12:47:22', '2015-12-29 12:47:22'),
(18, 2, 13, 0, 0, '2015-12-29 12:47:22', '2015-12-29 12:47:22'),
(19, 2, 4, 0, 0, '2015-12-29 12:47:22', '2015-12-29 12:47:22'),
(20, 2, 5, 0, 0, '2015-12-29 12:47:22', '2015-12-29 12:47:22'),
(21, 2, 6, 0, 0, '2015-12-29 12:47:22', '2015-12-29 12:47:22'),
(22, 2, 14, 0, 0, '2015-12-29 12:47:22', '2015-12-29 12:47:22'),
(23, 2, 15, 0, 0, '2015-12-29 12:47:22', '2015-12-29 12:47:22'),
(24, 2, 16, 0, 0, '2015-12-29 12:47:22', '2015-12-29 12:47:22'),
(25, 2, 17, 0, 0, '2015-12-29 12:47:22', '2015-12-29 12:47:22'),
(26, 2, 18, 0, 0, '2015-12-29 12:47:22', '2015-12-29 12:47:22'),
(27, 2, 19, 0, 0, '2015-12-29 12:47:22', '2015-12-29 12:47:22'),
(28, 2, 20, 0, 0, '2015-12-29 12:47:22', '2015-12-29 12:47:22'),
(135, 4, 1, 0, 0, '2015-12-30 12:00:39', '2015-12-30 12:00:39'),
(136, 4, 2, 0, 0, '2015-12-30 12:00:39', '2015-12-30 12:00:39'),
(137, 4, 3, 0, 0, '2015-12-30 12:00:39', '2015-12-30 12:00:39'),
(138, 4, 7, 0, 0, '2015-12-30 12:00:39', '2015-12-30 12:00:39'),
(139, 4, 8, 0, 0, '2015-12-30 12:00:39', '2015-12-30 12:00:39'),
(140, 4, 9, 0, 0, '2015-12-30 12:00:39', '2015-12-30 12:00:39'),
(141, 4, 10, 0, 0, '2015-12-30 12:00:39', '2015-12-30 12:00:39'),
(142, 4, 11, 0, 0, '2015-12-30 12:00:39', '2015-12-30 12:00:39'),
(143, 4, 12, 0, 0, '2015-12-30 12:00:39', '2015-12-30 12:00:39'),
(144, 4, 13, 0, 0, '2015-12-30 12:00:39', '2015-12-30 12:00:39'),
(145, 4, 4, 0, 0, '2015-12-30 12:00:39', '2015-12-30 12:00:39'),
(146, 4, 5, 0, 0, '2015-12-30 12:00:39', '2015-12-30 12:00:39'),
(147, 4, 6, 0, 0, '2015-12-30 12:00:39', '2015-12-30 12:00:39'),
(148, 4, 14, 0, 0, '2015-12-30 12:00:39', '2015-12-30 12:00:39'),
(149, 4, 15, 0, 0, '2015-12-30 12:00:39', '2015-12-30 12:00:39'),
(150, 4, 16, 0, 0, '2015-12-30 12:00:40', '2015-12-30 12:00:40'),
(151, 4, 17, 0, 0, '2015-12-30 12:00:40', '2015-12-30 12:00:40'),
(152, 4, 18, 0, 0, '2015-12-30 12:00:40', '2015-12-30 12:00:40'),
(153, 4, 19, 0, 0, '2015-12-30 12:00:40', '2015-12-30 12:00:40'),
(154, 4, 20, 0, 0, '2015-12-30 12:00:40', '2015-12-30 12:00:40');





--
-- Dumping data for table `team`
--
INSERT INTO `team` (`id`, `first_name`, `last_name`, `slug`, `email`, `phone`, `twitter`, `facebook`, `google_plus`, `linkedin`, `image`, `designation`, `responsibility`, `status`, `created_by`, `updated_by`, `created_at`, `updated_at`) VALUES
(1, 'Aleesha ', 'Brown', 'aleesha-brown', 'admin@admin.com', '88', '', '', '', '', 'uploads/team/images/32424alesha.jpg', 'MARKETING', '', 'active', 0, 0, '2015-12-31 10:44:15', '2015-12-31 10:44:15'),
(2, 'Mike ', 'Harward', 'mike-harward', 'admin@admin.com', '88', '', '', '', '', 'uploads/team/images/56643mike.jpg', 'ADMINISTRATION', '', 'active', 0, 0, '2015-12-31 10:45:01', '2015-12-31 10:45:01'),
(3, 'Adelia ', 'Lorene', 'adelia-lorene', 'admin@admin.com', '88', '', '', '', '', 'uploads/team/images/11845adelia.jpg', 'DEVELOPMENT', '', 'active', 0, 0, '2015-12-31 10:45:45', '2015-12-31 10:45:45'),
(4, 'Chris ', 'Dand', 'chris-dand', 'admin@admin.com', '88', '', '', '', '', 'uploads/team/images/17425chris.jpg', 'DESIGN', '', 'active', 0, 0, '2015-12-31 10:46:41', '2015-12-31 10:46:41');

/*!40101 SET CHARACTER_SET_CLIENT=@OLD_CHARACTER_SET_CLIENT */;
/*!40101 SET CHARACTER_SET_RESULTS=@OLD_CHARACTER_SET_RESULTS */;
/*!40101 SET COLLATION_CONNECTION=@OLD_COLLATION_CONNECTION */;